<?xml version="1.0" encoding="UTF-8"?><tenant enabld="true" exportTime="Thu Sep 08 15:30:13 PDT 2016" load-mode="start" name="demo" partial="true" path="/Users/ilyasreyhanoglu/IncortaAnalytics/tenants/Demo" version="1.0"><description><![CDATA[sample tenant]]></description><configurations/><security><roles/><groups/><users/></security><data-package><data-files/><data-sources/><schemas/><session-variables/></data-package><catalog><folder id="104" name="Interns" owner-id="103" parent="101"><folder id="164" name="Dashboard Runtime Filters" owner-id="103" parent="104"><folder id="175" name="Simple" owner-id="103" parent="164"><folder id="176" name="Date" owner-id="103" parent="175"><dashboard guid="b3b5143a-aace-444b-9fb6-e9120a86c8d6" id="707" name="(Simple)Date Between" owner-id="103" parent="176"><data xmlns:xi="http://www.w3.org/2001/XInclude"><xi:include href="dashboards/707_dashboard.xml" parse="xml"/></data></dashboard></folder></folder></folder></folder></catalog></tenant>