<?xml version="1.0" encoding="UTF-8"?><tenant enabld="true" exportTime="Thu Sep 08 15:30:06 PDT 2016" load-mode="start" name="demo" partial="true" path="/Users/ilyasreyhanoglu/IncortaAnalytics/tenants/Demo" version="1.0"><description><![CDATA[sample tenant]]></description><configurations/><security><roles/><groups/><users/></security><data-package><data-files/><data-sources/><schemas/><session-variables/></data-package><catalog><folder id="104" name="Interns" owner-id="103" parent="101"><folder id="164" name="Dashboard Runtime Filters" owner-id="103" parent="104"><folder id="170" name="Pivot" owner-id="103" parent="164"><folder id="173" name="Int" owner-id="103" parent="170"><dashboard guid="b26a7284-1af1-489d-87ca-c87329980af8" id="678" name="(Pivot)Int &lt;=" owner-id="103" parent="173"><data xmlns:xi="http://www.w3.org/2001/XInclude"><xi:include href="dashboards/678_dashboard.xml" parse="xml"/></data></dashboard></folder></folder></folder></folder></catalog></tenant>