<?xml version="1.0" encoding="UTF-8"?><report name="A_04_CASE_BIN Dashboard-2" schema="" version="" xml:base="dashboards/110_dashboard.xml"><prompts><varPrompt dataType="integer" default="30" label="# of Days" variable="no_of_days"/></prompts><layout><table aggregation="false" autoRefresh="true" fixedColumns="" headers="true" id="285dbdee-fe53-b11d-ee83-5bd2b466e17e" maxRows="" subtotal="false" total="false" transpose="false"><properties><property name="caption" value=""/><property name="numberOfElementsInRow" value="1"/><property name="height" value="450"/><property name="automaticHeight" value="0"/><property name="xAxis" value="true"/><property name="yAxis" value="true"/><property name="xAxisTitle" value="true"/><property name="yAxisTitle" value="true"/></properties><filter><cond dataType="formula" formula="and(daysBetween($currentDate, A_04_CASE_BIN.case_bin.Open_Date)&gt;0,daysBetween($currentDate, A_04_CASE_BIN.case_bin.Open_Date)&lt;$no_of_days)" function="formula" label="Last N Days" op="IS_TRUE" value=""/></filter><binding><measure aggregation="sum" datatype="integer" field="A_04_CASE_BIN.case_bin.Case_Number" function="measure" label="Case Number" runningTotal="false"><format numberFormat="1" seriesType="line"/><properties><property name="format" value="###,###"/></properties></measure><measure aggregation="count" datatype="date" field="A_04_CASE_BIN.case_bin.Open_Date" function="dimension" label="Open Date" runningTotal="false"><format numberFormat="6" seriesType="line"/><properties><property name="format" value="0.##"/></properties></measure><measure aggregation="count" datatype="date" field="A_04_CASE_BIN.case_bin.Close_Date" function="dimension" label="Close Date" runningTotal="false"><format numberFormat="6" seriesType="line"/><properties><property name="format" value="0.##"/></properties></measure></binding><format coloringScheme="0" showLegend="1"/></table></layout></report>