<?xml version="1.0" encoding="UTF-8"?><tenant enabld="true" exportTime="Wed Jan 11 12:25:19 PST 2017" load-mode="start" name="demo" partial="true" path="/Users/Nadim_Incorta/2_72/tenants/Demo" version="1.0"><description><![CDATA[sample tenant]]></description><configurations/><security><roles/><groups/><users/></security><data-package><data-files/><data-sources/><schemas><schema-definition description="" id="103" name="IsDescendantTesting" owner-id="101" type="0"><schema-data xmlns:xi="http://www.w3.org/2001/XInclude"><xi:include href="schemas/103_schema.xml" parse="xml"/></schema-data><loader-data xmlns:xi="http://www.w3.org/2001/XInclude"><xi:include href="schemas/103_loader.xml" parse="xml"/></loader-data></schema-definition></schemas><session-variables/></data-package><catalog/></tenant>