<?xml version="1.0" encoding="UTF-8"?><report name="A_01_CASE Dashboard" version="" schema=""><prompts> <dimPrompt field="A_01_CASE.agent.name" label="Agent Name" dataType="string" function="dimension" op="IN" default="false"/> <dimPrompt field="A_01_CASE.case.status" label="Status" dataType="string" function="dimension" op="IN" default="false"/> <dimPrompt field="A_01_CASE.customer.name" label="Customer Name" dataType="string" function="dimension" op="IN" default="false"/></prompts><filter><cond label='Name' dataType='string' function='dimension' op='IN_LIST' field='A_01_CASE.customer.name' value='Walmart'/></filter><defaultTables> <defaultTable schema="A_01_CASE" table="agent"/> <defaultTable schema="A_01_CASE" table="case"/> <defaultTable schema="A_01_CASE" table="customer"/> <defaultTable schema="A_01_CASE" table="date_open"/> <defaultTable schema="A_01_CASE" table="date_close"/></defaultTables><layout><table id="8a4c17f4-7f89-3cbc-610d-3721e1a3160a" maxRows="" autoRefresh="true" transpose="false" headers="true" fixedColumns="" aggregation="true" total="false" subtotal="false"><properties><property name="caption" value=""/><property name="numberOfElementsInRow" value="1"/><property name="height" value="450"/><property name="automaticHeight" value="0"/><property name="xAxis" value="true"/><property name="yAxis" value="true"/><property name="xAxisTitle" value="true"/><property name="yAxisTitle" value="true"/></properties><binding><row field="A_01_CASE.agent.name" label="Name" datatype= "string"  function= "dimension" ><format type="0"></format></row><measure field="A_01_CASE.case.case_number" label="# of Cases" aggregation="count" runningTotal="false" function= "measure"  datatype= "integer" ><format numberFormat = "6" seriesType = "line" ></format><properties><property name="format" value="0.##"/></properties></measure></binding><format coloringScheme="0" showLegend="1"/></table><table id="cf72531d-405e-2ef9-7d7e-bfe734d39e1c" maxRows="" autoRefresh="true" transpose="false" headers="true" fixedColumns="" aggregation="true" total="false" subtotal="false"><properties><property name="caption" value=""/><property name="numberOfElementsInRow" value="1"/><property name="height" value="450"/><property name="automaticHeight" value="0"/><property name="xAxis" value="true"/><property name="yAxis" value="true"/><property name="xAxisTitle" value="true"/><property name="yAxisTitle" value="true"/></properties><binding><row field="A_01_CASE.case.open_date" label="Open Date" datatype= "date"  function= "dimension" ><format type="0"></format></row><row field="A_01_CASE.customer.name" label="Name" datatype= "string"  function= "dimension" ><format type="0"></format></row><row field="A_01_CASE.case.status" label="Status" datatype= "string"  function= "dimension" ><format type="0"></format></row><row field="A_01_CASE.agent.name" label="Name" datatype= "string"  function= "dimension" ><format type="0"></format></row><measure field="A_01_CASE.case.case_number" label="Case Number" aggregation="sum" runningTotal="false" function= "measure"  datatype= "integer" ><format numberFormat = "1" seriesType = "line" ></format><properties><property name="format" value="###,###"/></properties></measure></binding><format coloringScheme="0" showLegend="1"/></table><graph id="aea1096f-2ea2-e753-94b9-373e90625654" maxRows="0" autoRefresh="true" width="400" height="200" rotation="" showLabels="true" showStackedLabels="false" logarithmic="false" type="column"><properties><property name="caption" value=""/><property name="numberOfElementsInRow" value="1"/><property name="height" value="450"/><property name="automaticHeight" value="0"/><property name="xAxis" value="true"/><property name="yAxis" value="true"/><property name="xAxisTitle" value="true"/><property name="yAxisTitle" value="true"/></properties><binding><row field="A_01_CASE.date_open.Month_Name" label="Month Name" datatype= "string"  function= "dimension" ><sorting><sort field="A_01_CASE.date_open.Month_Number" dir="asce" label="Month Number" function= "dimension" /></sorting><format type="0"></format></row><measure field="A_01_CASE.case.case_number" label="Case Number" aggregation="count" runningTotal="false" function= "measure"  datatype= "integer" ><format numberFormat = "6" seriesType = "line" ></format><properties><property name="format" value="0.##"/></properties></measure></binding><format coloringScheme="0" showLegend="1"/></graph></layout></report>