<?xml version="1.0" encoding="UTF-8"?><tenant enabld="true" exportTime="Thu Sep 15 07:56:41 PDT 2016" load-mode="start" name="demo" partial="true" path="/Users/ilyasreyhanoglu/IncortaAnalytics/tenants/Demo" version="1.0"><description><![CDATA[sample tenant]]></description><configurations/><security><roles/><groups/><users/></security><data-package><data-files/><data-sources/><schemas/><session-variables/></data-package><catalog><folder id="164" name="Interns" owner-id="103" parent="101"><folder id="197" name="Dashboard Runtime Filters" owner-id="103" parent="164"><folder id="198" name="Aggregated" owner-id="103" parent="197"><folder id="202" name="String" owner-id="103" parent="198"><dashboard guid="3d23895e-4980-40b9-a249-ac5ef9d47d36" id="911" name="DRF(Aggregated)String &gt;" owner-id="103" parent="202"><data xmlns:xi="http://www.w3.org/2001/XInclude"><xi:include href="dashboards/911_dashboard.xml" parse="xml"/></data></dashboard></folder></folder></folder></folder></catalog></tenant>