<?xml version="1.0" encoding="UTF-8"?><tenant enabld="true" exportTime="Fri Sep 09 12:17:11 PDT 2016" load-mode="start" name="demo" partial="true" path="/Users/ilyasreyhanoglu/IncortaAnalytics/tenants/Demo" version="1.0"><description><![CDATA[sample tenant]]></description><configurations/><security><roles/><groups/><users/></security><data-package><data-files/><data-sources/><schemas/><session-variables/></data-package><catalog><folder id="104" name="Interns" owner-id="103" parent="101"><folder id="282" name="Insight Filters" owner-id="103" parent="104"><folder id="288" name="Pivot" owner-id="103" parent="282"><folder id="290" name="Double" owner-id="103" parent="288"><dashboard guid="3a8b4252-9777-498b-8096-2d7a97aa48fb" id="1651" name="(Pivot)Double =" owner-id="103" parent="290"><data xmlns:xi="http://www.w3.org/2001/XInclude"><xi:include href="dashboards/1651_dashboard.xml" parse="xml"/></data></dashboard></folder></folder></folder></folder></catalog></tenant>