<?xml version="1.0" encoding="UTF-8"?><tenant enabld="true" exportTime="Thu Sep 15 07:56:27 PDT 2016" load-mode="start" name="demo" partial="true" path="/Users/ilyasreyhanoglu/IncortaAnalytics/tenants/Demo" version="1.0"><description><![CDATA[sample tenant]]></description><configurations/><security><roles/><groups/><users/></security><data-package><data-files/><data-sources/><schemas/><session-variables/></data-package><catalog><folder id="164" name="Interns" owner-id="103" parent="101"><folder id="165" name="Insight Filters" owner-id="103" parent="164"><folder id="171" name="Pivot" owner-id="103" parent="165"><folder id="173" name="Double" owner-id="103" parent="171"><dashboard guid="7929e6f2-7ae5-4f3a-96d5-a730c02c86b2" id="669" name="(Pivot)Double In" owner-id="103" parent="173"><data xmlns:xi="http://www.w3.org/2001/XInclude"><xi:include href="dashboards/669_dashboard.xml" parse="xml"/></data></dashboard></folder></folder></folder></folder></catalog></tenant>