<?xml version="1.0" encoding="UTF-8"?><tenant enabld="true" exportTime="Thu Sep 15 07:56:39 PDT 2016" load-mode="start" name="demo" partial="true" path="/Users/ilyasreyhanoglu/IncortaAnalytics/tenants/Demo" version="1.0"><description><![CDATA[sample tenant]]></description><configurations/><security><roles/><groups/><users/></security><data-package><data-files/><data-sources/><schemas/><session-variables/></data-package><catalog><folder id="164" name="Interns" owner-id="103" parent="101"><folder id="197" name="Dashboard Runtime Filters" owner-id="103" parent="164"><folder id="198" name="Aggregated" owner-id="103" parent="197"><folder id="201" name="Int" owner-id="103" parent="198"><dashboard guid="e6b50e51-93ca-460a-8a5a-ae0d242da12d" id="905" name="DRF(Aggregated)Int Not Null" owner-id="103" parent="201"><data xmlns:xi="http://www.w3.org/2001/XInclude"><xi:include href="dashboards/905_dashboard.xml" parse="xml"/></data></dashboard></folder></folder></folder></folder></catalog></tenant>