<?xml version="1.0" encoding="UTF-8"?><tenant enabld="true" exportTime="Wed Jun 29 14:23:25 PDT 2016" load-mode="start" name="demo" partial="true" path="/Users/ilyasreyhanoglu/Incorta Analytics/tenants/Demo" version="1.0"><description><![CDATA[sample tenant]]></description><configurations/><security><roles/><groups/><users/></security><data-package><data-files/><data-sources/><schemas/><session-variables/></data-package><catalog><dashboard guid="f9528d83-dd13-4c32-a655-f15ef248ccfd" id="112" name="A_07_EMP_SALARY Dashboard" owner-id="102" parent="100"><data xmlns:xi="http://www.w3.org/2001/XInclude"><xi:include href="dashboards/112_dashboard.xml" parse="xml"/></data></dashboard></catalog></tenant>