<?xml version="1.0" encoding="UTF-8"?><tenant enabld="true" exportTime="Thu Sep 08 15:30:00 PDT 2016" load-mode="start" name="demo" partial="true" path="/Users/ilyasreyhanoglu/IncortaAnalytics/tenants/Demo" version="1.0"><description><![CDATA[sample tenant]]></description><configurations/><security><roles/><groups/><users/></security><data-package><data-files/><data-sources/><schemas/><session-variables/></data-package><catalog><folder id="104" name="Interns" owner-id="103" parent="101"><folder id="164" name="Dashboard Runtime Filters" owner-id="103" parent="104"><folder id="170" name="Pivot" owner-id="103" parent="164"><folder id="171" name="Date" owner-id="103" parent="170"><dashboard guid="18c4ff04-8a88-454b-a537-d8120b5f0294" id="657" name="(Pivot)Date =" owner-id="103" parent="171"><data xmlns:xi="http://www.w3.org/2001/XInclude"><xi:include href="dashboards/657_dashboard.xml" parse="xml"/></data></dashboard></folder></folder></folder></folder></catalog></tenant>