<?xml version="1.0" encoding="UTF-8"?><tenant enabld="true" exportTime="Fri Sep 09 12:17:12 PDT 2016" load-mode="start" name="demo" partial="true" path="/Users/ilyasreyhanoglu/IncortaAnalytics/tenants/Demo" version="1.0"><description><![CDATA[sample tenant]]></description><configurations/><security><roles/><groups/><users/></security><data-package><data-files/><data-sources/><schemas/><session-variables/></data-package><catalog><folder id="104" name="Interns" owner-id="103" parent="101"><folder id="282" name="Insight Filters" owner-id="103" parent="104"><folder id="288" name="Pivot" owner-id="103" parent="282"><folder id="290" name="Double" owner-id="103" parent="288"><dashboard guid="7929e6f2-7ae5-4f3a-96d5-a730c02c86b2" id="1654" name="(Pivot)Double In" owner-id="103" parent="290"><data xmlns:xi="http://www.w3.org/2001/XInclude"><xi:include href="dashboards/1654_dashboard.xml" parse="xml"/></data></dashboard></folder></folder></folder></folder></catalog></tenant>