<?xml version="1.0" encoding="UTF-8"?><report name="FM(Aggregated)Date &lt;=" schema="" version="" xml:base="dashboards/3536_dashboard.xml"><layout><table aggregation="true" autoRefresh="true" fixedColumns="" headers="true" id="4e4080ba-1adb-df32-3dcf-9ed45fafd088" maxRows="0" subtotal="false" total="false" transpose="false"><properties><property name="caption" value=""/><property name="numberOfElementsInRow" value="1"/><property name="height" value="450"/><property name="automaticHeight" value="0"/><property name="xAxis" value="true"/><property name="yAxis" value="true"/><property name="xAxisTitle" value="true"/><property name="yAxisTitle" value="true"/></properties><binding><row datatype="string" field="SALES_MySQL4.customers.COUNTY" function="dimension" label="County"><format type="0"/></row><measure aggregation="sum" datatype="double" field="SALES_MySQL4.sales.COST_OF_GOODS" function="measure" label="Cost based on Date" runningTotal="false"><filter><cond dataType="date" field="SALES_MySQL4.sales.TIME_ID" function="dimension" label="Time Id" op="&lt;="><value>2016-08-23 00:00:00</value></cond></filter><format numberFormat="2" seriesType="line"/><properties><property name="format" value="$###,##0.00"/></properties></measure><measure aggregation="sum" datatype="double" field="SALES_MySQL4.sales.COST_OF_GOODS" function="measure" label="Cost" runningTotal="false"><format numberFormat="2" seriesType="line"/><properties><property name="format" value="$###,##0.00"/></properties></measure></binding><format coloringScheme="0" showLegend="1"/></table></layout></report>