<?xml version="1.0" encoding="UTF-8"?><tenant enabld="true" exportTime="Thu Sep 15 07:57:00 PDT 2016" load-mode="start" name="demo" partial="true" path="/Users/ilyasreyhanoglu/IncortaAnalytics/tenants/Demo" version="1.0"><description><![CDATA[sample tenant]]></description><configurations/><security><roles/><groups/><users/></security><data-package><data-files/><data-sources/><schemas/><session-variables/></data-package><catalog><folder id="164" name="Interns" owner-id="103" parent="101"><folder id="213" name="Filtered Measures" owner-id="103" parent="164"><folder id="219" name="Pivot" owner-id="103" parent="213"><folder id="222" name="Int" owner-id="103" parent="219"><dashboard guid="a3c7375e-4015-4a91-ae65-d0d3b65c6b26" id="1079" name="FM(Pivot)Int &lt;" owner-id="103" parent="222"><data xmlns:xi="http://www.w3.org/2001/XInclude"><xi:include href="dashboards/1079_dashboard.xml" parse="xml"/></data></dashboard></folder></folder></folder></folder></catalog></tenant>