<?xml version="1.0" encoding="UTF-8"?><tenant enabld="true" exportTime="Fri Sep 09 11:33:52 PDT 2016" load-mode="start" name="demo" partial="true" path="/Users/ilyasreyhanoglu/IncortaAnalytics/tenants/Demo" version="1.0"><description><![CDATA[sample tenant]]></description><configurations/><security><roles/><groups/><users/></security><data-package><data-files/><data-sources/><schemas/><session-variables/></data-package><catalog><folder id="104" name="Interns" owner-id="103" parent="101"><folder id="244" name="Filtered Measures" owner-id="103" parent="104"><folder id="245" name="Aggregated" owner-id="103" parent="244"><folder id="248" name="Int" owner-id="103" parent="245"><dashboard guid="51e60dce-a4cd-48e9-9746-b179160ddbfd" id="1307" name="(Aggregated)Int &lt;" owner-id="103" parent="248"><data xmlns:xi="http://www.w3.org/2001/XInclude"><xi:include href="dashboards/1307_dashboard.xml" parse="xml"/></data></dashboard></folder></folder></folder></folder></catalog></tenant>