<?xml version="1.0" encoding="UTF-8"?><report name="(Simple)Double Not In" schema="" version="" xml:base="dashboards/3055_dashboard.xml"><layout><table aggregation="false" autoRefresh="true" fixedColumns="" headers="true" id="4e4080ba-1adb-df32-3dcf-9ed45fafd088" maxRows="0" subtotal="false" total="false" transpose="false"><properties><property name="caption" value=""/><property name="numberOfElementsInRow" value="1"/><property name="height" value="450"/><property name="automaticHeight" value="0"/><property name="xAxis" value="true"/><property name="yAxis" value="true"/><property name="xAxisTitle" value="true"/><property name="yAxisTitle" value="true"/></properties><filter><cond dataType="integer" field="SALES_MySQL4.sales.AMOUNT_SOLD" function="measure" label="Revenue" op="NOT_IN"><value>15</value><value>20</value><value>23</value><value>24</value><value>28</value><value>36</value><value>39</value><value>45</value><value>60</value><value>65</value><value>70</value><value>75</value><value>78</value></cond></filter><sorting><sort dir="desc" field="SALES_MySQL4.customers.COUNTY" function="dimension" label="County"/><sort dir="asce" field="SALES_MySQL4.sales.CALENDAR_MONTH_NUMBER" function="dimension" label="Months"/><sort dir="asce" field="SALES_MySQL4.sales.CALENDAR_YEAR" function="dimension" label="Year"/><sort dir="asce" field="SALES_MySQL4.sales.AMOUNT_SOLD" function="measure" label="Revenue"/><sort dir="asce" field="SALES_MySQL4.sales.COST_OF_GOODS" function="measure" label="Cost"/></sorting><binding><measure aggregation="none" datatype="string" field="SALES_MySQL4.customers.COUNTY" function="dimension" label="County" runningTotal="false"><format numberFormat="6" seriesType="line"/><properties><property name="format" value="0.##"/></properties></measure><measure aggregation="sum" datatype="integer" field="SALES_MySQL4.sales.CALENDAR_MONTH_NUMBER" function="dimension" label="Months" runningTotal="false"><format numberFormat="1" seriesType="line"/><properties><property name="format" value="###,###"/></properties></measure><measure aggregation="sum" datatype="integer" field="SALES_MySQL4.sales.CALENDAR_YEAR" function="dimension" label="Year" runningTotal="false"><format numberFormat="6" seriesType="line"/><properties><property name="format" value="0.##"/></properties></measure><measure aggregation="sum" datatype="integer" field="SALES_MySQL4.sales.AMOUNT_SOLD" function="measure" label="Revenue" runningTotal="false"><format numberFormat="2" seriesType="line"/><properties><property name="format" value="$###,##0.00"/></properties></measure><measure aggregation="sum" datatype="double" field="SALES_MySQL4.sales.COST_OF_GOODS" function="measure" label="Cost" runningTotal="false"><format numberFormat="2" seriesType="line"/><properties><property name="format" value="$###,##0.00"/></properties></measure></binding><format coloringScheme="0" showLegend="1"/></table></layout></report>