<?xml version="1.0" encoding="UTF-8"?><tenant enabld="true" exportTime="Thu Sep 08 15:30:12 PDT 2016" load-mode="start" name="demo" partial="true" path="/Users/ilyasreyhanoglu/IncortaAnalytics/tenants/Demo" version="1.0"><description><![CDATA[sample tenant]]></description><configurations/><security><roles/><groups/><users/></security><data-package><data-files/><data-sources/><schemas/><session-variables/></data-package><catalog><folder id="104" name="Interns" owner-id="103" parent="101"><folder id="164" name="Dashboard Runtime Filters" owner-id="103" parent="104"><folder id="170" name="Pivot" owner-id="103" parent="164"><folder id="172" name="Double" owner-id="103" parent="170"><dashboard guid="3841bfb7-26e2-4ada-abe7-f17b1354c934" id="671" name="(Pivot)Double Between" owner-id="103" parent="172"><data xmlns:xi="http://www.w3.org/2001/XInclude"><xi:include href="dashboards/671_dashboard.xml" parse="xml"/></data></dashboard></folder></folder></folder></folder></catalog></tenant>