<?xml version="1.0" encoding="UTF-8"?><schema description="Testing for Automation Framework" loader="Sales" name="Sales" version="1.0"><tables><table alias="false" name="countries"><column function="key" hide="false" label="Country Id" name="COUNTRY_ID" type="integer"/><column function="dimension" hide="false" label="Country Code" name="COUNTRY_ISO_CODE" type="integer"/><column function="dimension" hide="false" label="Country" name="COUNTRY_NAME" type="string"/><column function="dimension" hide="false" label="Subregion" name="COUNTRY_SUBREGION" type="string"/><column function="dimension" hide="false" label="Country Subregion Id" name="COUNTRY_SUBREGION_ID" type="integer"/><column function="dimension" hide="false" label="Region" name="COUNTRY_REGION" type="string"/><column function="dimension" hide="false" label="Country Region Id" name="COUNTRY_REGION_ID" type="integer"/><column function="dimension" hide="false" label="Country Total" name="COUNTRY_TOTAL" type="string"/><column function="dimension" hide="false" label="Country Total Id" name="COUNTRY_TOTAL_ID" type="integer"/><column function="dimension" hide="false" label="Country Histogram" name="COUNTRY_NAME_HIST" type="string"/></table><table alias="false" name="product_line"><column function="key" hide="false" label="Prodcut Line Id" name="PROD_LINE_ID" type="integer"/><column function="dimension" hide="false" label="Category Id" name="CATEGORY_ID" type="integer"/><column function="dimension" hide="false" label="Category Description" name="CATEGORY" type="string"/><column function="dimension" hide="false" label="Subcategory id" name="SUBCATEGORY_ID" type="integer"/><column function="dimension" hide="false" label="Subcategory Desc" name="SUBCATEGORY" type="string"/></table><table alias="false" name="products"><column function="key" hide="false" label="Product Id" name="PROD_ID" type="integer"/><column function="dimension" hide="false" label="Product Name" name="PROD_NAME" type="string"/><column function="dimension" hide="false" label="Product Description" name="PROD_DESC" type="string"/><column function="dimension" hide="false" label="Prod Subcategory" name="PROD_SUBCATEGORY" type="string"/><column function="dimension" hide="false" label="Subcategory id" name="PROD_SUBCATEGORY_ID" type="integer"/><column function="dimension" hide="false" label="Subcategory Desc" name="PROD_SUBCATEGORY_DESC" type="string"/><column function="dimension" hide="false" label="Category" name="PROD_CATEGORY" type="string"/><column function="dimension" hide="false" label="Category Id" name="PROD_CATEGORY_ID" type="integer"/><column function="dimension" hide="false" label="Category Description" name="PROD_CATEGORY_DESC" type="string"/><column function="measure" hide="false" label="Weight Class" name="PROD_WEIGHT_CLASS" type="integer"/><column function="dimension" hide="false" label="Unit of Measure" name="PROD_UNIT_OF_MEASURE" type="string"/><column function="dimension" hide="false" label="Package Size" name="PROD_PACK_SIZE" type="string"/><column function="dimension" hide="false" label="Supplier Id" name="SUPPLIER_ID" type="integer"/><column function="dimension" hide="false" label="Product Status" name="PROD_STATUS" type="string"/><column function="measure" hide="false" label="List Price" name="PROD_LIST_PRICE" type="double"/><column function="measure" hide="false" label="Minimum Price" name="PROD_MIN_PRICE" type="double"/><column function="dimension" hide="false" label="Total" name="PROD_TOTAL" type="string"/><column function="dimension" hide="false" label="Prod Total Id" name="PROD_TOTAL_ID" type="integer"/><column function="dimension" hide="false" label="Prod Src Id" name="PROD_SRC_ID" type="string"/><column function="dimension" hide="false" label="Prod Eff From" name="PROD_EFF_FROM" type="date"/><column function="dimension" hide="false" label="Product Valid" name="PROD_VALID" type="string"/><column function="measure" hide="false" label="Product Cost" name="PROD_COST" type="double"/><column function="dimension" hide="false" label="Prod Eff To" name="PROD_EFF_TO" type="date"/><column function="dimension" hide="false" label="Prodcut Line Id" name="PROD_LINE_ID" type="integer"/></table><table alias="false" name="customers"><column function="key" hide="false" label="Customer Id" name="CUST_ID" type="integer"/><column function="dimension" hide="false" label="Customer First Name" name="CUST_FIRST_NAME" type="string"/><column function="dimension" hide="false" label="Customer Last Name" name="CUST_LAST_NAME" type="string"/><column function="dimension" hide="false" label="Customer Gender" name="CUST_GENDER" type="string"/><column function="dimension" hide="false" label="Customer Year of Birth" name="CUST_YEAR_OF_BIRTH" type="integer"/><column function="dimension" hide="false" label="Customer Married" name="CUST_MARITAL_STATUS" type="string"/><column function="dimension" hide="false" label="Address" name="CUST_STREET_ADDRESS" type="string"/><column function="dimension" hide="false" label="ZIP Code" name="CUST_POSTAL_CODE" type="integer"/><column function="dimension" hide="false" label="City" name="CUST_CITY" type="string"/><column function="dimension" hide="false" label="Cust City Id" name="CUST_CITY_ID" type="integer"/><column function="dimension" hide="false" label="State/Province" name="CUST_STATE_PROVINCE" type="string"/><column function="dimension" hide="false" label="State Id" name="CUST_STATE_PROVINCE_ID" type="integer"/><column function="dimension" hide="false" label="Country Id" name="COUNTRY_ID" type="integer"/><column function="dimension" hide="false" label="Phone Number" name="CUST_MAIN_PHONE_NUMBER" type="string"/><column function="dimension" hide="false" label="Cust Income Level Dim" name="CUST_INCOME_LEVEL_DIM" type="integer"/><column function="measure" hide="false" label="Customer Credit" name="CUST_CREDIT_LIMIT" type="integer"/><column function="dimension" hide="false" label="Email" name="CUST_EMAIL" type="string"/><column function="measure" hide="false" label="Customer Total" name="CUST_TOTAL" type="integer"/><column function="dimension" hide="false" label="Customer Total Id" name="CUST_TOTAL_ID" type="integer"/><column function="dimension" hide="false" label="Customer Source Id" name="CUST_SRC_ID" type="string"/><column function="dimension" hide="false" label="Cust Eff From" name="CUST_EFF_FROM" type="date"/><column function="dimension" hide="false" label="Cust Eff To" name="CUST_EFF_TO" type="date"/><column function="dimension" hide="false" label="Customer Valid" name="CUST_VALID" type="string"/><column function="dimension" hide="false" label="County" name="COUNTY" type="string"/></table><table alias="false" name="sales"><column function="measure" hide="false" label="Units" name="QUANTITY_SOLD" type="integer"/><column function="measure" hide="false" label="Revenue" name="AMOUNT_SOLD" type="integer"/><column function="dimension" hide="false" label="Months" name="CALENDAR_MONTH_NUMBER" type="integer"/><column function="dimension" hide="false" label="Quarter" name="CALENDAR_QUARTER_NUMBER" type="integer"/><column function="dimension" hide="false" label="Year" name="CALENDAR_YEAR" type="integer"/><column function="measure" hide="false" label="Cost" name="COST_OF_GOODS" type="double"/><column function="dimension" hide="false" label="Product Id" name="PROD_ID" type="integer"/><column function="dimension" hide="false" label="Customer Id" name="CUSTOMER_ID" type="integer"/><column function="dimension" hide="false" label="Time Id" name="TIME_ID" type="date"/><column function="dimension" hide="false" label="Zipcode" name="ZIPCODE" type="string"/></table></tables><joins><join><cond child="Sales.products.PROD_LINE_ID" op="=" parent="Sales.product_line.PROD_LINE_ID"/></join><join><cond child="Sales.customers.COUNTRY_ID" op="=" parent="Sales.countries.COUNTRY_ID"/></join><join><cond child="Sales.sales.PROD_ID" op="=" parent="Sales.products.PROD_ID"/></join><join><cond child="Sales.sales.CUSTOMER_ID" op="=" parent="Sales.customers.CUST_ID"/></join></joins></schema>