<?xml version="1.0" encoding="UTF-8"?><tenant enabld="true" exportTime="Wed Sep 14 18:01:25 PDT 2016" load-mode="start" name="demo" partial="true" path="/Users/ilyasreyhanoglu/IncortaAnalytics/tenants/Demo" version="1.0"><description><![CDATA[sample tenant]]></description><configurations/><security><roles/><groups/><users/></security><data-package><data-files/><data-sources/><schemas/><session-variables/></data-package><catalog><folder id="104" name="Interns" owner-id="103" parent="101"><folder id="121" name="Dashboard Runtime Filters" owner-id="103" parent="104"><folder id="132" name="Simple" owner-id="103" parent="121"><folder id="134" name="Double" owner-id="103" parent="132"><dashboard guid="d28f3315-3ca3-4f57-9588-d122154de707" id="351" name="(Simple)Double In" owner-id="103" parent="134"><data xmlns:xi="http://www.w3.org/2001/XInclude"><xi:include href="dashboards/351_dashboard.xml" parse="xml"/></data></dashboard></folder></folder></folder></folder></catalog></tenant>