<?xml version="1.0" encoding="UTF-8"?><tenant enabld="true" exportTime="Fri Sep 09 12:17:08 PDT 2016" load-mode="start" name="demo" partial="true" path="/Users/ilyasreyhanoglu/IncortaAnalytics/tenants/Demo" version="1.0"><description><![CDATA[sample tenant]]></description><configurations/><security><roles/><groups/><users/></security><data-package><data-files/><data-sources/><schemas/><session-variables/></data-package><catalog><folder id="104" name="Interns" owner-id="103" parent="101"><folder id="282" name="Insight Filters" owner-id="103" parent="104"><folder id="283" name="Aggregated" owner-id="103" parent="282"><folder id="284" name="Date" owner-id="103" parent="283"><dashboard guid="4d1972b1-5928-4c6b-989c-78d34c62a14c" id="1600" name="(Aggregated)Date In" owner-id="103" parent="284"><data xmlns:xi="http://www.w3.org/2001/XInclude"><xi:include href="dashboards/1600_dashboard.xml" parse="xml"/></data></dashboard></folder></folder></folder></folder></catalog></tenant>