<?xml version="1.0" encoding="UTF-8"?><tenant enabld="true" exportTime="Wed Sep 14 18:01:59 PDT 2016" load-mode="start" name="demo" partial="true" path="/Users/ilyasreyhanoglu/IncortaAnalytics/tenants/Demo" version="1.0"><description><![CDATA[sample tenant]]></description><configurations/><security><roles/><groups/><users/></security><data-package><data-files/><data-sources/><schemas/><session-variables/></data-package><catalog><folder id="104" name="Interns" owner-id="103" parent="101"><folder id="137" name="Filtered Measures" owner-id="103" parent="104"><folder id="143" name="Pivot" owner-id="103" parent="137"><folder id="147" name="String" owner-id="103" parent="143"><dashboard guid="e57c6d4b-bcbb-45a2-ae2e-4bc66948b4d5" id="458" name="(Pivot)String =" owner-id="103" parent="147"><data xmlns:xi="http://www.w3.org/2001/XInclude"><xi:include href="dashboards/458_dashboard.xml" parse="xml"/></data></dashboard></folder></folder></folder></folder></catalog></tenant>