<?xml version="1.0" encoding="UTF-8"?><tenant enabld="true" exportTime="Thu Sep 08 15:30:04 PDT 2016" load-mode="start" name="demo" partial="true" path="/Users/ilyasreyhanoglu/IncortaAnalytics/tenants/Demo" version="1.0"><description><![CDATA[sample tenant]]></description><configurations/><security><roles/><groups/><users/></security><data-package><data-files/><data-sources/><schemas/><session-variables/></data-package><catalog><folder id="104" name="Interns" owner-id="103" parent="101"><folder id="164" name="Dashboard Runtime Filters" owner-id="103" parent="104"><folder id="175" name="Simple" owner-id="103" parent="164"><folder id="177" name="Double" owner-id="103" parent="175"><dashboard guid="93270aeb-3c3f-40ea-b614-baf15c8defdf" id="717" name="(Simple)Double &gt;=" owner-id="103" parent="177"><data xmlns:xi="http://www.w3.org/2001/XInclude"><xi:include href="dashboards/717_dashboard.xml" parse="xml"/></data></dashboard></folder></folder></folder></folder></catalog></tenant>