<?xml version="1.0" encoding="UTF-8"?><tenant enabld="true" exportTime="Thu Sep 01 23:10:57 PDT 2016" load-mode="start" name="demo" partial="true" path="/incorta_v21/tenants/demo" version="1.0"><description/><configurations/><security><roles/><groups/><users/></security><data-package><data-files/><data-sources/><schemas/><session-variables/></data-package><catalog><folder id="900" name="Interns" owner-id="3110" parent="340"><folder id="942" name="Dashboard Applied Filters" owner-id="3110" parent="900"><folder id="954" name="Pivot" owner-id="3110" parent="942"><folder id="957" name="Double" owner-id="3110" parent="954"><dashboard guid="ca3dbcdf-27b5-4d8a-8080-65a2fcd4c8a9" id="3329" name="(Pivot)Double In" owner-id="3110" parent="957"><data xmlns:xi="http://www.w3.org/2001/XInclude"><xi:include href="dashboards/3329_dashboard.xml" parse="xml"/></data></dashboard></folder></folder></folder></folder></catalog></tenant>