<?xml version="1.0" encoding="UTF-8"?><tenant enabld="true" exportTime="Thu Sep 01 23:09:29 PDT 2016" load-mode="start" name="demo" partial="true" path="/incorta_v21/tenants/demo" version="1.0"><description/><configurations/><security><roles/><groups/><users/></security><data-package><data-files/><data-sources/><schemas/><session-variables/></data-package><catalog><folder id="900" name="Interns" owner-id="3110" parent="340"><folder id="942" name="Dashboard Applied Filters" owner-id="3110" parent="900"><folder id="945" name="Aggregated" owner-id="3110" parent="942"><folder id="948" name="Date" owner-id="3110" parent="945"><dashboard guid="40234b64-ce25-49c1-9b34-007749b20371" id="3261" name="(Aggregated)Date &gt;=" owner-id="3110" parent="948"><data xmlns:xi="http://www.w3.org/2001/XInclude"><xi:include href="dashboards/3261_dashboard.xml" parse="xml"/></data><bookmark dashboard-id="3261" is-default="false" name="String =" owner-id="3110" owner-login-name="super@incorta.com"><filters><![CDATA[<prompts><dimPrompt field='SALES_MySQL4.customers.COUNTY' label='County' dataType='string' op='='><defaultValue value='Ada County'></defaultValue></dimPrompt></prompts>]]></filters></bookmark></dashboard></folder></folder></folder></folder></catalog></tenant>