<?xml version="1.0" encoding="UTF-8"?><tenant enabld="true" exportTime="Thu Sep 01 23:10:44 PDT 2016" load-mode="start" name="demo" partial="true" path="/incorta_v21/tenants/demo" version="1.0"><description/><configurations/><security><roles/><groups/><users/></security><data-package><data-files/><data-sources/><schemas/><session-variables/></data-package><catalog><folder id="900" name="Interns" owner-id="3110" parent="340"><folder id="942" name="Dashboard Applied Filters" owner-id="3110" parent="900"><folder id="945" name="Aggregated" owner-id="3110" parent="942"><folder id="947" name="Double" owner-id="3110" parent="945"><dashboard guid="9ef41a66-e4a5-40e6-98b5-9d9f06d304a5" id="3217" name="(Aggregated)Double Not Null" owner-id="3110" parent="947"><data xmlns:xi="http://www.w3.org/2001/XInclude"><xi:include href="dashboards/3217_dashboard.xml" parse="xml"/></data><bookmark dashboard-id="3217" is-default="false" name="String =" owner-id="3110" owner-login-name="super@incorta.com"><filters><![CDATA[<prompts><dimPrompt field='SALES_MySQL4.customers.COUNTY' label='County' dataType='string' op='='><defaultValue value='Ada County'></defaultValue></dimPrompt></prompts>]]></filters></bookmark></dashboard></folder></folder></folder></folder></catalog></tenant>