<?xml version="1.0" encoding="UTF-8"?><tenant enabld="true" exportTime="Wed Jul 20 16:03:55 PDT 2016" load-mode="start" name="super" partial="true" path="/Users/anahit/Incorta Analytics/tenants/super" version="1.0"><description><![CDATA[sample tenant]]></description><configurations/><security><roles/><groups/><users/></security><data-package><data-files/><data-sources/><schemas/><session-variables/></data-package><catalog><dashboard guid="a89d0ac7-0f31-4c88-935c-33bf46b06603" id="139" name="A_03_NET_WORKING_DAYS Dashboard" owner-id="100" parent="100"><data xmlns:xi="http://www.w3.org/2001/XInclude"><xi:include href="dashboards/139_dashboard.xml" parse="xml"/></data></dashboard></catalog></tenant>