<?xml version="1.0" encoding="UTF-8"?><tenant enabld="true" exportTime="Thu Sep 15 07:57:02 PDT 2016" load-mode="start" name="demo" partial="true" path="/Users/ilyasreyhanoglu/IncortaAnalytics/tenants/Demo" version="1.0"><description><![CDATA[sample tenant]]></description><configurations/><security><roles/><groups/><users/></security><data-package><data-files/><data-sources/><schemas/><session-variables/></data-package><catalog><folder id="164" name="Interns" owner-id="103" parent="101"><folder id="213" name="Filtered Measures" owner-id="103" parent="164"><folder id="214" name="Aggregated" owner-id="103" parent="213"><folder id="218" name="String" owner-id="103" parent="214"><dashboard guid="47c20856-981f-4825-9544-ba0b607a3e21" id="1057" name="FM(Aggregated)String Starts With" owner-id="103" parent="218"><data xmlns:xi="http://www.w3.org/2001/XInclude"><xi:include href="dashboards/1057_dashboard.xml" parse="xml"/></data></dashboard></folder></folder></folder></folder></catalog></tenant>