<?xml version="1.0" encoding="UTF-8"?><tenant enabld="true" exportTime="Fri Sep 09 11:04:39 PDT 2016" load-mode="start" name="demo" partial="true" path="/Users/ilyasreyhanoglu/IncortaAnalytics/tenants/Demo" version="1.0"><description><![CDATA[sample tenant]]></description><configurations/><security><roles/><groups/><users/></security><data-package><data-files/><data-sources/><schemas/><session-variables/></data-package><catalog><folder id="104" name="Interns" owner-id="103" parent="101"><folder id="212" name="Dashboard Applied Filters" owner-id="103" parent="104"><folder id="213" name="Aggregated" owner-id="103" parent="212"><folder id="215" name="Double" owner-id="103" parent="213"><dashboard guid="c4e79868-1b08-416c-a8b5-8b15f40fae0b" id="1032" name="(Aggregated)Double !=" owner-id="103" parent="215"><data xmlns:xi="http://www.w3.org/2001/XInclude"><xi:include href="dashboards/1032_dashboard.xml" parse="xml"/></data></dashboard></folder></folder></folder></folder></catalog></tenant>