<?xml version="1.0" encoding="UTF-8"?><tenant enabld="true" exportTime="Thu Sep 01 23:11:54 PDT 2016" load-mode="start" name="demo" partial="true" path="/incorta_v21/tenants/demo" version="1.0"><description/><configurations/><security><roles/><groups/><users/></security><data-package><data-files/><data-sources/><schemas/><session-variables/></data-package><catalog><folder id="900" name="Interns" owner-id="3110" parent="340"><folder id="942" name="Dashboard Applied Filters" owner-id="3110" parent="900"><folder id="945" name="Aggregated" owner-id="3110" parent="942"><folder id="946" name="Int" owner-id="3110" parent="945"><dashboard guid="95ef2910-3385-4d33-85ef-f0601a4c7a41" id="3185" name="(Aggregated)Int &gt;" owner-id="3110" parent="946"><data xmlns:xi="http://www.w3.org/2001/XInclude"><xi:include href="dashboards/3185_dashboard.xml" parse="xml"/></data><bookmark dashboard-id="3185" is-default="false" name="String =" owner-id="3110" owner-login-name="super@incorta.com"><filters><![CDATA[<prompts><dimPrompt field='SALES_MySQL4.customers.COUNTY' label='County' dataType='string' op='='><defaultValue value='Ada County'></defaultValue></dimPrompt></prompts>]]></filters></bookmark></dashboard></folder></folder></folder></folder></catalog></tenant>