<?xml version="1.0" encoding="UTF-8"?><tenant enabld="true" exportTime="Thu Sep 15 07:56:32 PDT 2016" load-mode="start" name="demo" partial="true" path="/Users/ilyasreyhanoglu/IncortaAnalytics/tenants/Demo" version="1.0"><description><![CDATA[sample tenant]]></description><configurations/><security><roles/><groups/><users/></security><data-package><data-files/><data-sources/><schemas/><session-variables/></data-package><catalog><folder id="164" name="Interns" owner-id="103" parent="101"><folder id="165" name="Insight Filters" owner-id="103" parent="164"><folder id="176" name="Simple" owner-id="103" parent="165"><folder id="180" name="String" owner-id="103" parent="176"><dashboard guid="33b653de-e443-44c0-9b18-1b5afcc24e10" id="728" name="(Simple)String !=" owner-id="103" parent="180"><data xmlns:xi="http://www.w3.org/2001/XInclude"><xi:include href="dashboards/728_dashboard.xml" parse="xml"/></data></dashboard></folder></folder></folder></folder></catalog></tenant>