<?xml version="1.0" encoding="UTF-8"?><report name="(Aggregated)Date In" version="" schema=""><prompts> <dimPrompt field="SALES_MySQL4.sales.TIME_ID" label="Time Id" dataType="date" function="dimension" op="IN" default="true" mandatory="true"><defaultValue  value="2016-08-16 00:00:00"/><defaultValue  value="2016-02-10 00:00:00"/><defaultValue  value="2016-02-11 00:00:00"/><defaultValue  value="2016-02-24 00:00:00"/><defaultValue  value="2016-02-23 00:00:00"/><defaultValue  value="2016-02-16 00:00:00"/><defaultValue  value="2016-02-19 00:00:00"/></dimPrompt></prompts><defaultTables> <defaultTable schema="SALES_MySQL4" table="countries"/> <defaultTable schema="SALES_MySQL4" table="customers"/> <defaultTable schema="SALES_MySQL4" table="product_line"/> <defaultTable schema="SALES_MySQL4" table="products"/> <defaultTable schema="SALES_MySQL4" table="sales"/></defaultTables><layout><table id="4e4080ba-1adb-df32-3dcf-9ed45fafd088" maxRows="0" autoRefresh="true" transpose="false" headers="true" fixedColumns="" aggregation="true" total="false" subtotal="false"><properties><property name="caption" value=""/><property name="numberOfElementsInRow" value="1"/><property name="height" value="450"/><property name="automaticHeight" value="0"/><property name="xAxis" value="true"/><property name="yAxis" value="true"/><property name="xAxisTitle" value="true"/><property name="yAxisTitle" value="true"/></properties><binding><measure field="SALES_MySQL4.customers.COUNTY" label="County" aggregation="count" runningTotal="false" function= "dimension"  datatype= "string" ><format numberFormat = "6" seriesType = "line" ></format><properties><property name="format" value="0.##"/></properties></measure><measure field="SALES_MySQL4.sales.TIME_ID" label="Time Id" aggregation="count" runningTotal="false" function= "dimension"  datatype= "date" ><format numberFormat = "6" seriesType = "line" ></format><properties><property name="format" value="0.##"/></properties></measure><measure field="SALES_MySQL4.sales.COST_OF_GOODS" label="Cost" aggregation="sum" runningTotal="false" function= "measure"  datatype= "double" ><format numberFormat = "2" seriesType = "line" ></format><properties><property name="format" value="$###,##0.00"/></properties></measure></binding><format coloringScheme="0" showLegend="1"/></table></layout></report>