<?xml version="1.0" encoding="UTF-8"?><tenant enabld="true" exportTime="Wed Sep 14 18:01:27 PDT 2016" load-mode="start" name="demo" partial="true" path="/Users/ilyasreyhanoglu/IncortaAnalytics/tenants/Demo" version="1.0"><description><![CDATA[sample tenant]]></description><configurations/><security><roles/><groups/><users/></security><data-package><data-files/><data-sources/><schemas/><session-variables/></data-package><catalog><folder id="104" name="Interns" owner-id="103" parent="101"><folder id="105" name="Dashboard Applied Filters" owner-id="103" parent="104"><folder id="106" name="Aggregated" owner-id="103" parent="105"><folder id="108" name="Double" owner-id="103" parent="106"><dashboard guid="9ef41a66-e4a5-40e6-98b5-9d9f06d304a5" id="125" name="(Aggregated)Double Not Null" owner-id="103" parent="108"><data xmlns:xi="http://www.w3.org/2001/XInclude"><xi:include href="dashboards/125_dashboard.xml" parse="xml"/></data></dashboard></folder></folder></folder></folder></catalog></tenant>