<?xml version="1.0" encoding="UTF-8"?><tenant enabld="true" exportTime="Thu Sep 15 07:56:45 PDT 2016" load-mode="start" name="demo" partial="true" path="/Users/ilyasreyhanoglu/IncortaAnalytics/tenants/Demo" version="1.0"><description><![CDATA[sample tenant]]></description><configurations/><security><roles/><groups/><users/></security><data-package><data-files/><data-sources/><schemas/><session-variables/></data-package><catalog><folder id="164" name="Interns" owner-id="103" parent="101"><folder id="181" name="Dashboard Applied Filters" owner-id="103" parent="164"><folder id="182" name="Aggregated" owner-id="103" parent="181"><folder id="183" name="Date" owner-id="103" parent="182"><dashboard guid="61823b1b-05c2-4878-8db3-a651cf843270" id="742" name="DAF(Aggregated)Date &lt;" owner-id="103" parent="183"><data xmlns:xi="http://www.w3.org/2001/XInclude"><xi:include href="dashboards/742_dashboard.xml" parse="xml"/></data></dashboard></folder></folder></folder></folder></catalog></tenant>