<?xml version="1.0" encoding="UTF-8"?><tenant enabld="true" exportTime="Thu Sep 15 07:56:35 PDT 2016" load-mode="start" name="demo" partial="true" path="/Users/ilyasreyhanoglu/IncortaAnalytics/tenants/Demo" version="1.0"><description><![CDATA[sample tenant]]></description><configurations/><security><roles/><groups/><users/></security><data-package><data-files/><data-sources/><schemas/><session-variables/></data-package><catalog><folder id="164" name="Interns" owner-id="103" parent="101"><folder id="197" name="Dashboard Runtime Filters" owner-id="103" parent="164"><folder id="208" name="Simple" owner-id="103" parent="197"><folder id="209" name="Date" owner-id="103" parent="208"><dashboard guid="1556f261-0136-4cf9-9375-a9b43fc92363" id="974" name="DRF(Simple)Date In" owner-id="103" parent="209"><data xmlns:xi="http://www.w3.org/2001/XInclude"><xi:include href="dashboards/974_dashboard.xml" parse="xml"/></data></dashboard></folder></folder></folder></folder></catalog></tenant>