<?xml version="1.0" encoding="UTF-8"?><tenant enabld="true" exportTime="Thu Sep 01 23:09:47 PDT 2016" load-mode="start" name="demo" partial="true" path="/incorta_v21/tenants/demo" version="1.0"><description/><configurations/><security><roles/><groups/><users/></security><data-package><data-files/><data-sources/><schemas/><session-variables/></data-package><catalog><folder id="900" name="Interns" owner-id="3110" parent="340"><folder id="942" name="Dashboard Applied Filters" owner-id="3110" parent="900"><folder id="954" name="Pivot" owner-id="3110" parent="942"><folder id="958" name="Date" owner-id="3110" parent="954"><dashboard guid="f28e0c05-3c99-4a73-8746-20ff6285860d" id="3345" name="(Pivot)Date Not In" owner-id="3110" parent="958"><data xmlns:xi="http://www.w3.org/2001/XInclude"><xi:include href="dashboards/3345_dashboard.xml" parse="xml"/></data></dashboard></folder></folder></folder></folder></catalog></tenant>