<?xml version="1.0" encoding="UTF-8"?><tenant enabld="true" exportTime="Fri Sep 09 11:04:47 PDT 2016" load-mode="start" name="demo" partial="true" path="/Users/ilyasreyhanoglu/IncortaAnalytics/tenants/Demo" version="1.0"><description><![CDATA[sample tenant]]></description><configurations/><security><roles/><groups/><users/></security><data-package><data-files/><data-sources/><schemas/><session-variables/></data-package><catalog><folder id="104" name="Interns" owner-id="103" parent="101"><folder id="212" name="Dashboard Applied Filters" owner-id="103" parent="104"><folder id="223" name="Simple" owner-id="103" parent="212"><folder id="227" name="String" owner-id="103" parent="223"><dashboard guid="a887540a-7772-4b31-b6a2-a2816b8665d7" id="1151" name="(Simple)String Not Null" owner-id="103" parent="227"><data xmlns:xi="http://www.w3.org/2001/XInclude"><xi:include href="dashboards/1151_dashboard.xml" parse="xml"/></data></dashboard></folder></folder></folder></folder></catalog></tenant>