<?xml version="1.0" encoding="UTF-8"?><tenant enabld="true" exportTime="Fri Sep 09 11:04:44 PDT 2016" load-mode="start" name="demo" partial="true" path="/Users/ilyasreyhanoglu/IncortaAnalytics/tenants/Demo" version="1.0"><description><![CDATA[sample tenant]]></description><configurations/><security><roles/><groups/><users/></security><data-package><data-files/><data-sources/><schemas/><session-variables/></data-package><catalog><folder id="104" name="Interns" owner-id="103" parent="101"><folder id="212" name="Dashboard Applied Filters" owner-id="103" parent="104"><folder id="223" name="Simple" owner-id="103" parent="212"><folder id="226" name="Int" owner-id="103" parent="223"><dashboard guid="8688e17f-ddd3-43bf-87a3-3f98c7144fcf" id="1139" name="(Simple)Int Not Null" owner-id="103" parent="226"><data xmlns:xi="http://www.w3.org/2001/XInclude"><xi:include href="dashboards/1139_dashboard.xml" parse="xml"/></data></dashboard></folder></folder></folder></folder></catalog></tenant>