<?xml version="1.0" encoding="UTF-8"?><tenant enabld="true" exportTime="Thu Sep 15 07:56:40 PDT 2016" load-mode="start" name="demo" partial="true" path="/Users/ilyasreyhanoglu/IncortaAnalytics/tenants/Demo" version="1.0"><description><![CDATA[sample tenant]]></description><configurations/><security><roles/><groups/><users/></security><data-package><data-files/><data-sources/><schemas/><session-variables/></data-package><catalog><folder id="164" name="Interns" owner-id="103" parent="101"><folder id="197" name="Dashboard Runtime Filters" owner-id="103" parent="164"><folder id="203" name="Pivot" owner-id="103" parent="197"><folder id="206" name="Int" owner-id="103" parent="203"><dashboard guid="0a1e3b63-172f-4813-b8ac-de951834469c" id="951" name="DRF(Pivot)Int Not In" owner-id="103" parent="206"><data xmlns:xi="http://www.w3.org/2001/XInclude"><xi:include href="dashboards/951_dashboard.xml" parse="xml"/></data></dashboard></folder></folder></folder></folder></catalog></tenant>