<?xml version="1.0" encoding="UTF-8"?><report name="Date Filters_private_bookmark" schema="" version="" xml:base="dashboards/101_dashboard.xml"><filter><cond dataType="integer" field="SALES_MySQL4.sales.CALENDAR_YEAR" function="dimension" label="Year" op="IN_LIST"><value>2014</value></cond></filter><defaultTables> <defaultTable schema="SALES_MySQL4" table="sales"/> <defaultTable schema="STANFORD" table="LastVersionFilter"/></defaultTables><layout><table aggregation="false" autoRefresh="true" fixedColumns="" headers="true" id="4bdec931-9c92-4fc6-ad2e-5ae1f57bf8bb" maxRows="" subtotal="false" total="false" transpose="false"><properties><property name="caption" value=""/><property name="numberOfElementsInRow" value="1"/><property name="height" value="450"/><property name="automaticHeight" value="0"/><property name="xAxis" value="true"/><property name="yAxis" value="true"/><property name="xAxisTitle" value="true"/><property name="yAxisTitle" value="true"/></properties><filter><cond dataType="date" field="SALES_MySQL4.sales.TIME_ID" function="dimension" label="Time Id" op="&gt;"><value>2014-01-01 00:00:00.000</value></cond></filter><binding><measure aggregation="count" datatype="date" field="SALES_MySQL4.sales.TIME_ID" function="dimension" label="Time Id" runningTotal="false"><format numberFormat="6" seriesType="line"/><properties><property name="format" value="0.##"/></properties></measure><measure aggregation="sum" datatype="double" field="SALES_MySQL4.sales.COST_OF_GOODS" function="measure" label="Cost" runningTotal="false"><format numberFormat="0" seriesType="line"/><properties><property name="format" value="###,##0.00"/></properties></measure><measure aggregation="sum" datatype="integer" field="SALES_MySQL4.sales.AMOUNT_SOLD" function="measure" label="Revenue" runningTotal="false"><format numberFormat="1" seriesType="line"/><properties><property name="format" value="###,###"/></properties></measure></binding><format coloringScheme="0" showLegend="1"/></table></layout></report>