<?xml version="1.0" encoding="UTF-8"?><tenant enabld="true" exportTime="Thu Sep 15 07:56:24 PDT 2016" load-mode="start" name="demo" partial="true" path="/Users/ilyasreyhanoglu/IncortaAnalytics/tenants/Demo" version="1.0"><description><![CDATA[sample tenant]]></description><configurations/><security><roles/><groups/><users/></security><data-package><data-files/><data-sources/><schemas/><session-variables/></data-package><catalog><folder id="164" name="Interns" owner-id="103" parent="101"><folder id="165" name="Insight Filters" owner-id="103" parent="164"><folder id="166" name="Aggregated" owner-id="103" parent="165"><folder id="167" name="Date" owner-id="103" parent="166"><dashboard guid="322a7ba6-23e8-45d4-8184-cb11087830cb" id="618" name="(Aggregated)Date Null" owner-id="103" parent="167"><data xmlns:xi="http://www.w3.org/2001/XInclude"><xi:include href="dashboards/618_dashboard.xml" parse="xml"/></data></dashboard></folder></folder></folder></folder></catalog></tenant>