<?xml version="1.0" encoding="UTF-8"?><tenant enabld="true" exportTime="Thu Sep 01 23:12:34 PDT 2016" load-mode="start" name="demo" partial="true" path="/incorta_v21/tenants/demo" version="1.0"><description/><configurations/><security><roles/><groups/><users/></security><data-package><data-files/><data-sources/><schemas/><session-variables/></data-package><catalog><folder id="900" name="Interns" owner-id="3110" parent="340"><folder id="942" name="Dashboard Applied Filters" owner-id="3110" parent="900"><folder id="954" name="Pivot" owner-id="3110" parent="942"><folder id="955" name="Int" owner-id="3110" parent="954"><dashboard guid="95a66bbb-3296-456f-964e-79bfb9b7dad8" id="3357" name="(Pivot)Int Not In" owner-id="3110" parent="955"><data xmlns:xi="http://www.w3.org/2001/XInclude"><xi:include href="dashboards/3357_dashboard.xml" parse="xml"/></data></dashboard></folder></folder></folder></folder></catalog></tenant>