<?xml version="1.0" encoding="UTF-8"?><tenant enabld="true" exportTime="Fri Sep 09 11:04:45 PDT 2016" load-mode="start" name="demo" partial="true" path="/Users/ilyasreyhanoglu/IncortaAnalytics/tenants/Demo" version="1.0"><description><![CDATA[sample tenant]]></description><configurations/><security><roles/><groups/><users/></security><data-package><data-files/><data-sources/><schemas/><session-variables/></data-package><catalog><folder id="104" name="Interns" owner-id="103" parent="101"><folder id="212" name="Dashboard Applied Filters" owner-id="103" parent="104"><folder id="218" name="Pivot" owner-id="103" parent="212"><folder id="222" name="String" owner-id="103" parent="218"><dashboard guid="ff56ae0d-f52b-4967-86ef-6cc7efc74375" id="1097" name="(Pivot)String !=" owner-id="103" parent="222"><data xmlns:xi="http://www.w3.org/2001/XInclude"><xi:include href="dashboards/1097_dashboard.xml" parse="xml"/></data></dashboard></folder></folder></folder></folder></catalog></tenant>