<?xml version="1.0" encoding="UTF-8"?><tenant enabld="true" exportTime="Wed Sep 14 18:01:50 PDT 2016" load-mode="start" name="demo" partial="true" path="/Users/ilyasreyhanoglu/IncortaAnalytics/tenants/Demo" version="1.0"><description><![CDATA[sample tenant]]></description><configurations/><security><roles/><groups/><users/></security><data-package><data-files/><data-sources/><schemas/><session-variables/></data-package><catalog><folder id="104" name="Interns" owner-id="103" parent="101"><folder id="148" name="Insight Filters" owner-id="103" parent="104"><folder id="159" name="Simple" owner-id="103" parent="148"><folder id="163" name="String" owner-id="103" parent="159"><dashboard guid="510a0728-0dab-4ec6-8156-fe85b527ca75" id="591" name="(Simple)String &gt;" owner-id="103" parent="163"><data xmlns:xi="http://www.w3.org/2001/XInclude"><xi:include href="dashboards/591_dashboard.xml" parse="xml"/></data></dashboard></folder></folder></folder></folder></catalog></tenant>