<?xml version="1.0" encoding="UTF-8"?><report name="(Pivot)Date In" version="" schema=""><layout><pivot id="3a470042-2130-1679-a71d-db8cb8568424" maxRows="0" autoRefresh="true"><properties><property name="caption" value=""/><property name="numberOfElementsInRow" value="1"/><property name="height" value="450"/><property name="automaticHeight" value="0"/><property name="xAxis" value="true"/><property name="yAxis" value="true"/><property name="xAxisTitle" value="true"/><property name="yAxisTitle" value="true"/><property name="row_total" value="false"/><property name="col_total" value="false"/><property name="col_total_only" value="false"/><property name="row_total_pos" value="0"/><property name="col_total_pos" value="0"/></properties><filter><cond label='State&#x2F;Province' dataType='string' function='dimension' op='=' field='SALES_MySQL4.customers.CUST_STATE_PROVINCE'><value>CA</value></cond></filter><binding><column field="SALES_MySQL4.customers.CUST_STATE_PROVINCE" label="State/Province" function= "dimension" ></column><row field="SALES_MySQL4.sales.TIME_ID" label="Time Id" datatype= "date"  function= "dimension" ><format type="0"></format></row><measure field="SALES_MySQL4.sales.COST_OF_GOODS" label="Cost based on Date" aggregation="sum" runningTotal="false" function= "measure"  datatype= "double" ><filter><cond label='Time Id' dataType='date' function='dimension' op='IN_LIST' field='SALES_MySQL4.sales.TIME_ID'><value>2016-08-16 00:00:00</value></cond></filter><format seriesType = "line" ></format><properties><property name="format" value="###,##0.00"/></properties></measure><measure field="SALES_MySQL4.sales.COST_OF_GOODS" label="Cost" aggregation="sum" runningTotal="false" function= "measure"  datatype= "double" ><format seriesType = "line" ></format><properties><property name="format" value="###,##0.00"/></properties></measure></binding><format coloringScheme="0" showLegend="1"/></pivot></layout></report>