<?xml version="1.0" encoding="UTF-8"?><tenant enabld="true" exportTime="Tue Jul 12 11:35:03 PDT 2016" load-mode="start" name="demo" partial="true" path="/Users/ilyasreyhanoglu/Incorta Analytics/tenants/Demo" version="1.0"><description><![CDATA[sample tenant]]></description><configurations/><security><roles/><groups/><users/></security><data-package><data-files/><data-sources/><schemas/><session-variables/></data-package><catalog><dashboard guid="63f9edf3-cc26-4e3a-8971-a6e2dbcff09f" id="119" name="Sales Dashboard" owner-id="102" parent="100"><data xmlns:xi="http://www.w3.org/2001/XInclude"><xi:include href="dashboards/119_dashboard.xml" parse="xml"/></data></dashboard></catalog></tenant>