<?xml version="1.0" encoding="UTF-8"?><tenant enabld="true" exportTime="Fri Sep 09 12:17:16 PDT 2016" load-mode="start" name="demo" partial="true" path="/Users/ilyasreyhanoglu/IncortaAnalytics/tenants/Demo" version="1.0"><description><![CDATA[sample tenant]]></description><configurations/><security><roles/><groups/><users/></security><data-package><data-files/><data-sources/><schemas/><session-variables/></data-package><catalog><folder id="104" name="Interns" owner-id="103" parent="101"><folder id="282" name="Insight Filters" owner-id="103" parent="104"><folder id="283" name="Aggregated" owner-id="103" parent="282"><folder id="287" name="String" owner-id="103" parent="283"><dashboard guid="3bfd0a06-3cd3-460f-918c-036bc74da79b" id="1625" name="(Aggregated)String !=" owner-id="103" parent="287"><data xmlns:xi="http://www.w3.org/2001/XInclude"><xi:include href="dashboards/1625_dashboard.xml" parse="xml"/></data></dashboard></folder></folder></folder></folder></catalog></tenant>