<?xml version="1.0" encoding="UTF-8"?><tenant enabld="true" exportTime="Fri Sep 09 11:33:50 PDT 2016" load-mode="start" name="demo" partial="true" path="/Users/ilyasreyhanoglu/IncortaAnalytics/tenants/Demo" version="1.0"><description><![CDATA[sample tenant]]></description><configurations/><security><roles/><groups/><users/></security><data-package><data-files/><data-sources/><schemas/><session-variables/></data-package><catalog><folder id="104" name="Interns" owner-id="103" parent="101"><folder id="244" name="Filtered Measures" owner-id="103" parent="104"><folder id="250" name="Pivot" owner-id="103" parent="244"><folder id="251" name="Date" owner-id="103" parent="250"><dashboard guid="fbd0b6b6-bd34-404d-96dc-030cba18eaa2" id="1330" name="(Pivot)Date !=" owner-id="103" parent="251"><data xmlns:xi="http://www.w3.org/2001/XInclude"><xi:include href="dashboards/1330_dashboard.xml" parse="xml"/></data></dashboard></folder></folder></folder></folder></catalog></tenant>