<?xml version="1.0" encoding="UTF-8"?><tenant enabld="true" exportTime="Tue Oct 25 17:00:05 PDT 2016" load-mode="start" name="super" partial="true" path="/Users/anahit/stable/tenants/super" version="1.0"><description><![CDATA[sample tenant]]></description><configurations/><security><roles/><groups/><users/></security><data-package><data-files/><data-sources/><schemas/><session-variables/></data-package><catalog><dashboard guid="4257c365-2096-4efd-92b1-2a4510885114" id="121" name="Date Filters_public_bookmark - Copy" owner-id="101" parent="101"><data xmlns:xi="http://www.w3.org/2001/XInclude"><xi:include href="dashboards/121_dashboard.xml" parse="xml"/></data><bookmark dashboard-id="121" is-default="true" is-incremental-enabled="false" is-public="true" name="FilterNotWorking" owner-id="101" owner-login-name="super"><filters><![CDATA[<prompts><dimPrompt field='SALES_MySQL4.sales.TIME_ID' label='Time Id' dataType='date' op='IN'><defaultValue value='2014-01-11 00:00:00.000'></defaultValue></dimPrompt></prompts>]]></filters></bookmark></dashboard></catalog></tenant>