<?xml version="1.0" encoding="UTF-8"?><tenant enabld="true" exportTime="Fri Sep 09 12:17:20 PDT 2016" load-mode="start" name="demo" partial="true" path="/Users/ilyasreyhanoglu/IncortaAnalytics/tenants/Demo" version="1.0"><description><![CDATA[sample tenant]]></description><configurations/><security><roles/><groups/><users/></security><data-package><data-files/><data-sources/><schemas/><session-variables/></data-package><catalog><folder id="104" name="Interns" owner-id="103" parent="101"><folder id="282" name="Insight Filters" owner-id="103" parent="104"><folder id="293" name="Simple" owner-id="103" parent="282"><folder id="297" name="String" owner-id="103" parent="293"><dashboard guid="46a35367-905a-4124-85fb-061e5d00fb0d" id="1725" name="(Simple)String Starts With" owner-id="103" parent="297"><data xmlns:xi="http://www.w3.org/2001/XInclude"><xi:include href="dashboards/1725_dashboard.xml" parse="xml"/></data></dashboard></folder></folder></folder></folder></catalog></tenant>