<?xml version="1.0" encoding="UTF-8"?><report name="(Pivot)Double Not In" schema="" version="" xml:base="dashboards/3333_dashboard.xml"><filter><cond dataType="double" field="SALES_MySQL4.sales.COST_OF_GOODS" function="measure" label="Cost" op="NOT_IN"><value>3.78</value><value>4.51</value></cond></filter><defaultTables> <defaultTable schema="SALES_MySQL4" table="countries"/> <defaultTable schema="SALES_MySQL4" table="customers"/> <defaultTable schema="SALES_MySQL4" table="product_line"/> <defaultTable schema="SALES_MySQL4" table="products"/> <defaultTable schema="SALES_MySQL4" table="sales"/> <defaultTable schema="SALES_MySQL4" table="Time_Id_Small_Sample"/></defaultTables><layout><pivot autoRefresh="true" id="31e8b33c-81fe-d3d3-bc49-c525f846157d" maxRows="0"><properties><property name="caption" value=""/><property name="numberOfElementsInRow" value="1"/><property name="height" value="450"/><property name="automaticHeight" value="0"/><property name="xAxis" value="true"/><property name="yAxis" value="true"/><property name="xAxisTitle" value="true"/><property name="yAxisTitle" value="true"/><property name="row_total" value="false"/><property name="col_total" value="false"/><property name="col_total_only" value="false"/><property name="row_total_pos" value="0"/><property name="col_total_pos" value="0"/></properties><binding><column field="SALES_MySQL4.sales.CALENDAR_QUARTER_NUMBER" function="dimension" label="Quarter"/><row datatype="string" field="SALES_MySQL4.customers.CUST_STATE_PROVINCE" function="dimension" label="State/Province"><format type="0"/></row><measure aggregation="sum" datatype="double" field="SALES_MySQL4.sales.COST_OF_GOODS" function="measure" label="Cost" runningTotal="false"><format numberFormat="2" seriesType="line"/><properties><property name="format" value="$###,##0.00"/></properties></measure></binding><format coloringScheme="0" showLegend="1"/></pivot></layout></report>