<?xml version="1.0" encoding="UTF-8"?><tenant enabld="true" exportTime="Wed Sep 14 18:01:18 PDT 2016" load-mode="start" name="demo" partial="true" path="/Users/ilyasreyhanoglu/IncortaAnalytics/tenants/Demo" version="1.0"><description><![CDATA[sample tenant]]></description><configurations/><security><roles/><groups/><users/></security><data-package><data-files/><data-sources/><schemas/><session-variables/></data-package><catalog><folder id="104" name="Interns" owner-id="103" parent="101"><folder id="105" name="Dashboard Applied Filters" owner-id="103" parent="104"><folder id="116" name="Simple" owner-id="103" parent="105"><folder id="117" name="Date" owner-id="103" parent="116"><dashboard guid="76aa3a3e-6f98-477e-9a1f-8817f93e9065" id="198" name="(Simple)Date =" owner-id="103" parent="117"><data xmlns:xi="http://www.w3.org/2001/XInclude"><xi:include href="dashboards/198_dashboard.xml" parse="xml"/></data></dashboard></folder></folder></folder></folder></catalog></tenant>