<?xml version="1.0" encoding="UTF-8"?><tenant enabld="true" exportTime="Thu Sep 01 23:30:26 PDT 2016" load-mode="start" name="demo" partial="true" path="/incorta_v21/tenants/demo" version="1.0"><description/><configurations/><security><roles/><groups/><users/></security><data-package><data-files/><data-sources/><schemas/><session-variables/></data-package><catalog><folder id="900" name="Interns" owner-id="3110" parent="340"><folder id="976" name="Filtered Measures" owner-id="3110" parent="900"><folder id="980" name="Pivot" owner-id="3110" parent="976"><folder id="986" name="Int" owner-id="3110" parent="980"><dashboard guid="bf7e06f8-8d2d-4bfe-84bd-2e92b0bc745d" id="3600" name="(Pivot)Int Not Null" owner-id="3110" parent="986"><data xmlns:xi="http://www.w3.org/2001/XInclude"><xi:include href="dashboards/3600_dashboard.xml" parse="xml"/></data></dashboard></folder></folder></folder></folder></catalog></tenant>