<?xml version="1.0" encoding="UTF-8"?><tenant enabld="true" exportTime="Thu Sep 01 23:10:49 PDT 2016" load-mode="start" name="demo" partial="true" path="/incorta_v21/tenants/demo" version="1.0"><description/><configurations/><security><roles/><groups/><users/></security><data-package><data-files/><data-sources/><schemas/><session-variables/></data-package><catalog><folder id="900" name="Interns" owner-id="3110" parent="340"><folder id="942" name="Dashboard Applied Filters" owner-id="3110" parent="900"><folder id="949" name="Simple" owner-id="3110" parent="942"><folder id="953" name="Double" owner-id="3110" parent="949"><dashboard guid="d0b4fa8c-05f2-4148-a7f8-77698f430814" id="3311" name="(Simple)Double Not In" owner-id="3110" parent="953"><data xmlns:xi="http://www.w3.org/2001/XInclude"><xi:include href="dashboards/3311_dashboard.xml" parse="xml"/></data><bookmark dashboard-id="3311" is-default="false" name="String =" owner-id="3110" owner-login-name="super@incorta.com"><filters><![CDATA[<prompts><dimPrompt field='SALES_MySQL4.customers.COUNTY' label='County' dataType='string' op='='><defaultValue value='Ada County'></defaultValue></dimPrompt></prompts>]]></filters></bookmark></dashboard></folder></folder></folder></folder></catalog></tenant>