<?xml version="1.0" encoding="UTF-8"?><tenant enabld="true" exportTime="Wed Sep 14 18:01:15 PDT 2016" load-mode="start" name="demo" partial="true" path="/Users/ilyasreyhanoglu/IncortaAnalytics/tenants/Demo" version="1.0"><description><![CDATA[sample tenant]]></description><configurations/><security><roles/><groups/><users/></security><data-package><data-files/><data-sources/><schemas/><session-variables/></data-package><catalog><folder id="104" name="Interns" owner-id="103" parent="101"><folder id="121" name="Dashboard Runtime Filters" owner-id="103" parent="104"><folder id="132" name="Simple" owner-id="103" parent="121"><folder id="133" name="Date" owner-id="103" parent="132"><dashboard guid="9899c0aa-88e2-4eeb-8cfb-603a8edbe268" id="333" name="(Simple)Date !=" owner-id="103" parent="133"><data xmlns:xi="http://www.w3.org/2001/XInclude"><xi:include href="dashboards/333_dashboard.xml" parse="xml"/></data></dashboard></folder></folder></folder></folder></catalog></tenant>