<?xml version="1.0" encoding="UTF-8"?><tenant enabld="true" exportTime="Tue Oct 11 18:44:41 PDT 2016" load-mode="start" name="demo" partial="true" path="/incorta_v21/tenants/demo" version="1.0"><description/><configurations/><security><roles/><groups/><users/></security><data-package><data-files/><data-sources><data-source id="495" name="sakila" owner-id="3110"><data xmlns:xi="http://www.w3.org/2001/XInclude"><xi:include href="datasources/495_datasource.xml" parse="xml"/></data></data-source></data-sources><schemas/><session-variables/></data-package><catalog/></tenant>