<?xml version="1.0" encoding="UTF-8"?><tenant enabld="true" exportTime="Fri Sep 09 11:33:56 PDT 2016" load-mode="start" name="demo" partial="true" path="/Users/ilyasreyhanoglu/IncortaAnalytics/tenants/Demo" version="1.0"><description><![CDATA[sample tenant]]></description><configurations/><security><roles/><groups/><users/></security><data-package><data-files/><data-sources/><schemas/><session-variables/></data-package><catalog><folder id="104" name="Interns" owner-id="103" parent="101"><folder id="244" name="Filtered Measures" owner-id="103" parent="104"><folder id="250" name="Pivot" owner-id="103" parent="244"><folder id="254" name="String" owner-id="103" parent="250"><dashboard guid="5307a763-1d63-4f45-a987-33ec051f4a2f" id="1373" name="(Pivot)String Starts With" owner-id="103" parent="254"><data xmlns:xi="http://www.w3.org/2001/XInclude"><xi:include href="dashboards/1373_dashboard.xml" parse="xml"/></data></dashboard></folder></folder></folder></folder></catalog></tenant>