<?xml version="1.0" encoding="UTF-8"?><report name="DRF(Aggregated)Date !=" schema="" version="" xml:base="dashboards/3378_dashboard.xml"><prompts> <dimPrompt dataType="date" default="true" field="SALES_MySQL4.sales.TIME_ID" function="dimension" label="Time Id" mandatory="true" op="!="><defaultValue value="2016-08-11 00:00:00"/></dimPrompt></prompts><defaultTables> <defaultTable schema="SALES_MySQL4" table="countries"/> <defaultTable schema="SALES_MySQL4" table="customers"/> <defaultTable schema="SALES_MySQL4" table="product_line"/> <defaultTable schema="SALES_MySQL4" table="products"/> <defaultTable schema="SALES_MySQL4" table="sales"/></defaultTables><layout><table aggregation="true" autoRefresh="true" fixedColumns="" headers="true" id="4e4080ba-1adb-df32-3dcf-9ed45fafd088" maxRows="0" subtotal="false" total="false" transpose="false"><properties><property name="caption" value=""/><property name="numberOfElementsInRow" value="1"/><property name="height" value="450"/><property name="automaticHeight" value="0"/><property name="xAxis" value="true"/><property name="yAxis" value="true"/><property name="xAxisTitle" value="true"/><property name="yAxisTitle" value="true"/></properties><binding><measure aggregation="count" datatype="string" field="SALES_MySQL4.customers.COUNTY" function="dimension" label="County" runningTotal="false"><format numberFormat="6" seriesType="line"/><properties><property name="format" value="0.##"/></properties></measure><measure aggregation="count" datatype="date" field="SALES_MySQL4.sales.TIME_ID" function="dimension" label="Time Id" runningTotal="false"><format numberFormat="6" seriesType="line"/><properties><property name="format" value="0.##"/></properties></measure><measure aggregation="sum" datatype="double" field="SALES_MySQL4.sales.COST_OF_GOODS" function="measure" label="Cost" runningTotal="false"><format numberFormat="2" seriesType="line"/><properties><property name="format" value="$###,##0.00"/></properties></measure></binding><format coloringScheme="0" showLegend="1"/></table></layout></report>