<?xml version="1.0" encoding="UTF-8"?><tenant enabld="true" exportTime="Wed Jun 29 14:23:21 PDT 2016" load-mode="start" name="demo" partial="true" path="/Users/ilyasreyhanoglu/Incorta Analytics/tenants/Demo" version="1.0"><description><![CDATA[sample tenant]]></description><configurations/><security><roles/><groups/><users/></security><data-package><data-files/><data-sources/><schemas/><session-variables/></data-package><catalog><dashboard guid="a628c9c8-ae7f-4b9b-9b90-3f0134d1ed25" id="111" name="A_06_HIERARCHY Dashboard" owner-id="102" parent="100"><data xmlns:xi="http://www.w3.org/2001/XInclude"><xi:include href="dashboards/111_dashboard.xml" parse="xml"/></data></dashboard></catalog></tenant>