<?xml version="1.0" encoding="UTF-8"?><report name="(Aggregated)Int &gt;=" schema="" version="" xml:base="dashboards/3000_dashboard.xml"><layout><table aggregation="true" autoRefresh="true" fixedColumns="" headers="true" id="4e4080ba-1adb-df32-3dcf-9ed45fafd088" maxRows="0" subtotal="false" total="false" transpose="false"><properties><property name="caption" value=""/><property name="numberOfElementsInRow" value="1"/><property name="height" value="450"/><property name="automaticHeight" value="0"/><property name="xAxis" value="true"/><property name="yAxis" value="true"/><property name="xAxisTitle" value="true"/><property name="yAxisTitle" value="true"/></properties><filter><cond dataType="integer" field="SALES_MySQL4.sales.CALENDAR_MONTH_NUMBER" function="dimension" label="Months" op="&gt;="><value>7</value></cond></filter><binding><row datatype="string" field="SALES_MySQL4.customers.COUNTY" function="dimension" label="County"><format type="0"/></row><row datatype="integer" field="SALES_MySQL4.sales.CALENDAR_MONTH_NUMBER" function="dimension" label="Months"><format type="0"/></row><measure aggregation="sum" datatype="integer" field="SALES_MySQL4.sales.AMOUNT_SOLD" function="measure" label="Revenue" runningTotal="false"><format numberFormat="2" seriesType="line"/><properties><property name="format" value="$###,##0.00"/></properties></measure><measure aggregation="sum" datatype="double" field="SALES_MySQL4.sales.COST_OF_GOODS" function="measure" label="Cost" runningTotal="false"><format numberFormat="2" seriesType="line"/><properties><property name="format" value="$###,##0.00"/></properties></measure></binding><format coloringScheme="0" showLegend="1"/></table></layout></report>