<?xml version="1.0" encoding="UTF-8"?><tenant enabld="true" exportTime="Wed Sep 14 18:01:38 PDT 2016" load-mode="start" name="demo" partial="true" path="/Users/ilyasreyhanoglu/IncortaAnalytics/tenants/Demo" version="1.0"><description><![CDATA[sample tenant]]></description><configurations/><security><roles/><groups/><users/></security><data-package><data-files/><data-sources/><schemas/><session-variables/></data-package><catalog><folder id="104" name="Interns" owner-id="103" parent="101"><folder id="148" name="Insight Filters" owner-id="103" parent="104"><folder id="149" name="Aggregated" owner-id="103" parent="148"><folder id="152" name="Int" owner-id="103" parent="149"><dashboard guid="27c03de7-31f1-472a-b009-983afa871b0f" id="488" name="(Aggregated)Int !=" owner-id="103" parent="152"><data xmlns:xi="http://www.w3.org/2001/XInclude"><xi:include href="dashboards/488_dashboard.xml" parse="xml"/></data></dashboard></folder></folder></folder></folder></catalog></tenant>