<?xml version="1.0" encoding="UTF-8"?><tenant enabld="true" exportTime="Wed Sep 14 18:01:52 PDT 2016" load-mode="start" name="demo" partial="true" path="/Users/ilyasreyhanoglu/IncortaAnalytics/tenants/Demo" version="1.0"><description><![CDATA[sample tenant]]></description><configurations/><security><roles/><groups/><users/></security><data-package><data-files/><data-sources/><schemas/><session-variables/></data-package><catalog><folder id="104" name="Interns" owner-id="103" parent="101"><folder id="148" name="Insight Filters" owner-id="103" parent="104"><folder id="154" name="Pivot" owner-id="103" parent="148"><folder id="158" name="String" owner-id="103" parent="154"><dashboard guid="55bdc550-61cd-461d-a36f-1d6fdfb5f220" id="549" name="(Pivot)String Contains" owner-id="103" parent="158"><data xmlns:xi="http://www.w3.org/2001/XInclude"><xi:include href="dashboards/549_dashboard.xml" parse="xml"/></data></dashboard></folder></folder></folder></folder></catalog></tenant>