<?xml version="1.0" encoding="UTF-8"?><tenant enabld="true" exportTime="Thu Sep 15 07:56:43 PDT 2016" load-mode="start" name="demo" partial="true" path="/Users/ilyasreyhanoglu/IncortaAnalytics/tenants/Demo" version="1.0"><description><![CDATA[sample tenant]]></description><configurations/><security><roles/><groups/><users/></security><data-package><data-files/><data-sources/><schemas/><session-variables/></data-package><catalog><folder id="164" name="Interns" owner-id="103" parent="101"><folder id="197" name="Dashboard Runtime Filters" owner-id="103" parent="164"><folder id="203" name="Pivot" owner-id="103" parent="197"><folder id="207" name="String" owner-id="103" parent="203"><dashboard guid="6a55069b-b6b7-4eea-9a93-e24c6fc2cdba" id="959" name="DRF(Pivot)String &gt;=" owner-id="103" parent="207"><data xmlns:xi="http://www.w3.org/2001/XInclude"><xi:include href="dashboards/959_dashboard.xml" parse="xml"/></data></dashboard></folder></folder></folder></folder></catalog></tenant>