<?xml version="1.0" encoding="UTF-8"?><tenant enabld="true" exportTime="Wed Sep 14 18:01:53 PDT 2016" load-mode="start" name="demo" partial="true" path="/Users/ilyasreyhanoglu/IncortaAnalytics/tenants/Demo" version="1.0"><description><![CDATA[sample tenant]]></description><configurations/><security><roles/><groups/><users/></security><data-package><data-files/><data-sources/><schemas/><session-variables/></data-package><catalog><folder id="104" name="Interns" owner-id="103" parent="101"><folder id="137" name="Filtered Measures" owner-id="103" parent="104"><folder id="138" name="Aggregated" owner-id="103" parent="137"><folder id="139" name="Date" owner-id="103" parent="138"><dashboard guid="2b81ca2e-d0ba-41aa-8140-8a8c3b83bfc2" id="386" name="(Aggregated)Date In" owner-id="103" parent="139"><data xmlns:xi="http://www.w3.org/2001/XInclude"><xi:include href="dashboards/386_dashboard.xml" parse="xml"/></data></dashboard></folder></folder></folder></folder></catalog></tenant>