<?xml version="1.0" encoding="UTF-8"?><tenant enabld="true" exportTime="Thu Sep 01 23:29:50 PDT 2016" load-mode="start" name="demo" partial="true" path="/incorta_v21/tenants/demo" version="1.0"><description/><configurations/><security><roles/><groups/><users/></security><data-package><data-files/><data-sources/><schemas/><session-variables/></data-package><catalog><folder id="900" name="Interns" owner-id="3110" parent="340"><folder id="976" name="Filtered Measures" owner-id="3110" parent="900"><folder id="980" name="Pivot" owner-id="3110" parent="976"><folder id="984" name="Date" owner-id="3110" parent="980"><dashboard guid="86891a9e-ce40-4469-adb9-3a02abfcdb2e" id="3582" name="(Pivot)Date Not In" owner-id="3110" parent="984"><data xmlns:xi="http://www.w3.org/2001/XInclude"><xi:include href="dashboards/3582_dashboard.xml" parse="xml"/></data></dashboard></folder></folder></folder></folder></catalog></tenant>