<?xml version="1.0" encoding="UTF-8"?><tenant enabld="true" exportTime="Wed Sep 14 18:01:54 PDT 2016" load-mode="start" name="demo" partial="true" path="/Users/ilyasreyhanoglu/IncortaAnalytics/tenants/Demo" version="1.0"><description><![CDATA[sample tenant]]></description><configurations/><security><roles/><groups/><users/></security><data-package><data-files/><data-sources/><schemas/><session-variables/></data-package><catalog><folder id="104" name="Interns" owner-id="103" parent="101"><folder id="137" name="Filtered Measures" owner-id="103" parent="104"><folder id="143" name="Pivot" owner-id="103" parent="137"><folder id="144" name="Date" owner-id="103" parent="143"><dashboard guid="f99adf39-dc94-4d41-88d7-121effee8732" id="432" name="(Pivot)Date Not Null" owner-id="103" parent="144"><data xmlns:xi="http://www.w3.org/2001/XInclude"><xi:include href="dashboards/432_dashboard.xml" parse="xml"/></data></dashboard></folder></folder></folder></folder></catalog></tenant>