<?xml version="1.0" encoding="UTF-8"?><tenant enabld="true" exportTime="Thu Sep 08 15:30:09 PDT 2016" load-mode="start" name="demo" partial="true" path="/Users/ilyasreyhanoglu/IncortaAnalytics/tenants/Demo" version="1.0"><description><![CDATA[sample tenant]]></description><configurations/><security><roles/><groups/><users/></security><data-package><data-files/><data-sources/><schemas/><session-variables/></data-package><catalog><folder id="104" name="Interns" owner-id="103" parent="101"><folder id="164" name="Dashboard Runtime Filters" owner-id="103" parent="104"><folder id="165" name="Aggregated" owner-id="103" parent="164"><folder id="169" name="String" owner-id="103" parent="165"><dashboard guid="809bf4f6-5838-4f30-bddc-5f529c36786c" id="651" name="(Aggregated)String Not Null" owner-id="103" parent="169"><data xmlns:xi="http://www.w3.org/2001/XInclude"><xi:include href="dashboards/651_dashboard.xml" parse="xml"/></data></dashboard></folder></folder></folder></folder></catalog></tenant>