<?xml version="1.0" encoding="UTF-8"?><tenant enabld="true" exportTime="Fri Sep 09 12:17:10 PDT 2016" load-mode="start" name="demo" partial="true" path="/Users/ilyasreyhanoglu/IncortaAnalytics/tenants/Demo" version="1.0"><description><![CDATA[sample tenant]]></description><configurations/><security><roles/><groups/><users/></security><data-package><data-files/><data-sources/><schemas/><session-variables/></data-package><catalog><folder id="104" name="Interns" owner-id="103" parent="101"><folder id="282" name="Insight Filters" owner-id="103" parent="104"><folder id="293" name="Simple" owner-id="103" parent="282"><folder id="294" name="Date" owner-id="103" parent="293"><dashboard guid="ada269fb-2da1-4cca-ad65-bd75c24e8d5b" id="1688" name="(Simple)Date In" owner-id="103" parent="294"><data xmlns:xi="http://www.w3.org/2001/XInclude"><xi:include href="dashboards/1688_dashboard.xml" parse="xml"/></data></dashboard></folder></folder></folder></folder></catalog></tenant>