<?xml version="1.0" encoding="UTF-8"?><tenant enabld="true" exportTime="Thu Sep 01 23:12:11 PDT 2016" load-mode="start" name="demo" partial="true" path="/incorta_v21/tenants/demo" version="1.0"><description/><configurations/><security><roles/><groups/><users/></security><data-package><data-files/><data-sources/><schemas/><session-variables/></data-package><catalog><folder id="900" name="Interns" owner-id="3110" parent="340"><folder id="942" name="Dashboard Applied Filters" owner-id="3110" parent="900"><folder id="954" name="Pivot" owner-id="3110" parent="942"><folder id="955" name="Int" owner-id="3110" parent="954"><dashboard guid="337cfcb6-2204-4b3b-aa1d-15551b460cf6" id="3354" name="(Pivot)Int &lt;" owner-id="3110" parent="955"><data xmlns:xi="http://www.w3.org/2001/XInclude"><xi:include href="dashboards/3354_dashboard.xml" parse="xml"/></data></dashboard></folder></folder></folder></folder></catalog></tenant>