<?xml version="1.0" encoding="UTF-8"?><tenant enabld="true" exportTime="Thu Sep 15 07:56:55 PDT 2016" load-mode="start" name="demo" partial="true" path="/Users/ilyasreyhanoglu/IncortaAnalytics/tenants/Demo" version="1.0"><description><![CDATA[sample tenant]]></description><configurations/><security><roles/><groups/><users/></security><data-package><data-files/><data-sources/><schemas/><session-variables/></data-package><catalog><folder id="164" name="Interns" owner-id="103" parent="101"><folder id="181" name="Dashboard Applied Filters" owner-id="103" parent="164"><folder id="192" name="Simple" owner-id="103" parent="181"><folder id="196" name="String" owner-id="103" parent="192"><dashboard guid="52f01b3e-b0c5-4172-901b-7f934a4d0ac8" id="860" name="DAF(Simple)String !=" owner-id="103" parent="196"><data xmlns:xi="http://www.w3.org/2001/XInclude"><xi:include href="dashboards/860_dashboard.xml" parse="xml"/></data></dashboard></folder></folder></folder></folder></catalog></tenant>