<?xml version="1.0" encoding="UTF-8"?><tenant enabld="true" exportTime="Wed Sep 14 18:01:42 PDT 2016" load-mode="start" name="demo" partial="true" path="/Users/ilyasreyhanoglu/IncortaAnalytics/tenants/Demo" version="1.0"><description><![CDATA[sample tenant]]></description><configurations/><security><roles/><groups/><users/></security><data-package><data-files/><data-sources/><schemas/><session-variables/></data-package><catalog><folder id="104" name="Interns" owner-id="103" parent="101"><folder id="121" name="Dashboard Runtime Filters" owner-id="103" parent="104"><folder id="122" name="Aggregated" owner-id="103" parent="121"><folder id="126" name="String" owner-id="103" parent="122"><dashboard guid="80393388-4731-4d87-83cd-ff6b8ec017fb" id="276" name="(Aggregated)String =" owner-id="103" parent="126"><data xmlns:xi="http://www.w3.org/2001/XInclude"><xi:include href="dashboards/276_dashboard.xml" parse="xml"/></data></dashboard></folder></folder></folder></folder></catalog></tenant>