<?xml version="1.0" encoding="UTF-8"?><report name="(Simple)Int Not In" schema="" version="" xml:base="dashboards/3065_dashboard.xml"><layout><table aggregation="false" autoRefresh="true" fixedColumns="" headers="true" id="4e4080ba-1adb-df32-3dcf-9ed45fafd088" maxRows="0" subtotal="false" total="false" transpose="false"><properties><property name="caption" value=""/><property name="numberOfElementsInRow" value="1"/><property name="height" value="450"/><property name="automaticHeight" value="0"/><property name="xAxis" value="true"/><property name="yAxis" value="true"/><property name="xAxisTitle" value="true"/><property name="yAxisTitle" value="true"/></properties><filter><cond dataType="integer" field="SALES_MySQL4.sales.CALENDAR_QUARTER_NUMBER" function="dimension" label="Quarter" op="NOT_IN"><value>2</value><value>4</value></cond></filter><sorting><sort dir="desc" field="SALES_MySQL4.customers.COUNTY" function="dimension" label="County"/><sort dir="asce" field="SALES_MySQL4.sales.TIME_ID" function="dimension" label="Time Id"/><sort dir="asce" field="SALES_MySQL4.sales.CALENDAR_QUARTER_NUMBER" function="dimension" label="Quarter"/><sort dir="asce" field="SALES_MySQL4.sales.AMOUNT_SOLD" function="measure" label="Revenue"/><sort dir="asce" field="SALES_MySQL4.sales.COST_OF_GOODS" function="measure" label="Cost"/></sorting><binding><measure aggregation="none" datatype="string" field="SALES_MySQL4.customers.COUNTY" function="dimension" label="County" runningTotal="false"><format numberFormat="6" seriesType="line"/><properties><property name="format" value="0.##"/></properties></measure><measure aggregation="none" datatype="date" field="SALES_MySQL4.sales.TIME_ID" function="dimension" label="Time Id" runningTotal="false"><format numberFormat="6" seriesType="line"/><properties><property name="format" value="0.##"/></properties></measure><measure aggregation="sum" datatype="integer" field="SALES_MySQL4.sales.CALENDAR_QUARTER_NUMBER" function="dimension" label="Quarter" runningTotal="false"><format numberFormat="1" seriesType="line"/><properties><property name="format" value="###,###"/></properties></measure><measure aggregation="sum" datatype="integer" field="SALES_MySQL4.sales.AMOUNT_SOLD" function="measure" label="Revenue" runningTotal="false"><format numberFormat="2" seriesType="line"/><properties><property name="format" value="$###,##0.00"/></properties></measure><measure aggregation="sum" datatype="double" field="SALES_MySQL4.sales.COST_OF_GOODS" function="measure" label="Cost" runningTotal="false"><format numberFormat="2" seriesType="line"/><properties><property name="format" value="$###,##0.00"/></properties></measure></binding><format coloringScheme="0" showLegend="1"/></table></layout></report>