<?xml version="1.0" encoding="UTF-8"?><tenant enabld="true" exportTime="Wed Sep 14 18:01:50 PDT 2016" load-mode="start" name="demo" partial="true" path="/Users/ilyasreyhanoglu/IncortaAnalytics/tenants/Demo" version="1.0"><description><![CDATA[sample tenant]]></description><configurations/><security><roles/><groups/><users/></security><data-package><data-files/><data-sources/><schemas/><session-variables/></data-package><catalog><folder id="104" name="Interns" owner-id="103" parent="101"><folder id="148" name="Insight Filters" owner-id="103" parent="104"><folder id="159" name="Simple" owner-id="103" parent="148"><folder id="163" name="String" owner-id="103" parent="159"><dashboard guid="a9403ac2-0f8e-4db8-b43b-9619dd072950" id="590" name="(Simple)String =" owner-id="103" parent="163"><data xmlns:xi="http://www.w3.org/2001/XInclude"><xi:include href="dashboards/590_dashboard.xml" parse="xml"/></data></dashboard></folder></folder></folder></folder></catalog></tenant>