<?xml version="1.0" encoding="UTF-8"?><tenant enabld="true" exportTime="Wed Sep 14 18:01:21 PDT 2016" load-mode="start" name="demo" partial="true" path="/Users/ilyasreyhanoglu/IncortaAnalytics/tenants/Demo" version="1.0"><description><![CDATA[sample tenant]]></description><configurations/><security><roles/><groups/><users/></security><data-package><data-files/><data-sources/><schemas/><session-variables/></data-package><catalog><folder id="104" name="Interns" owner-id="103" parent="101"><folder id="148" name="Insight Filters" owner-id="103" parent="104"><folder id="159" name="Simple" owner-id="103" parent="148"><folder id="160" name="Date" owner-id="103" parent="159"><dashboard guid="15bdef64-f504-4c12-80e7-3869b76c6e7e" id="556" name="(Simple)Date !=" owner-id="103" parent="160"><data xmlns:xi="http://www.w3.org/2001/XInclude"><xi:include href="dashboards/556_dashboard.xml" parse="xml"/></data></dashboard></folder></folder></folder></folder></catalog></tenant>