<?xml version="1.0" encoding="UTF-8"?><tenant enabld="true" exportTime="Thu Sep 15 07:56:25 PDT 2016" load-mode="start" name="demo" partial="true" path="/Users/ilyasreyhanoglu/IncortaAnalytics/tenants/Demo" version="1.0"><description><![CDATA[sample tenant]]></description><configurations/><security><roles/><groups/><users/></security><data-package><data-files/><data-sources/><schemas/><session-variables/></data-package><catalog><folder id="164" name="Interns" owner-id="103" parent="101"><folder id="165" name="Insight Filters" owner-id="103" parent="164"><folder id="171" name="Pivot" owner-id="103" parent="165"><folder id="172" name="Date" owner-id="103" parent="171"><dashboard guid="4f902616-d7c0-493f-b00e-c665b28ec3a8" id="662" name="(Pivot)Date Null" owner-id="103" parent="172"><data xmlns:xi="http://www.w3.org/2001/XInclude"><xi:include href="dashboards/662_dashboard.xml" parse="xml"/></data></dashboard></folder></folder></folder></folder></catalog></tenant>