<?xml version="1.0" encoding="UTF-8"?><tenant enabld="true" exportTime="Thu Sep 01 23:10:01 PDT 2016" load-mode="start" name="demo" partial="true" path="/incorta_v21/tenants/demo" version="1.0"><description/><configurations/><security><roles/><groups/><users/></security><data-package><data-files/><data-sources/><schemas/><session-variables/></data-package><catalog><folder id="900" name="Interns" owner-id="3110" parent="340"><folder id="941" name="Insight Filters" owner-id="3110" parent="900"><folder id="904" name="Simple" owner-id="3110" parent="941"><folder id="909" name="Date" owner-id="3110" parent="904"><dashboard guid="9738388b-1e86-4188-95cf-18f34227e45d" id="3073" name="(Simple)Date &lt;=" owner-id="3110" parent="909"><data xmlns:xi="http://www.w3.org/2001/XInclude"><xi:include href="dashboards/3073_dashboard.xml" parse="xml"/></data><bookmark dashboard-id="3073" is-default="false" name="String =" owner-id="3110" owner-login-name="super@incorta.com"><filters><![CDATA[<prompts><dimPrompt field='SALES_MySQL4.customers.COUNTY' label='County' dataType='string' op='='><defaultValue value='Ada County'></defaultValue></dimPrompt></prompts>]]></filters></bookmark></dashboard></folder></folder></folder></folder></catalog></tenant>