<?xml version="1.0" encoding="UTF-8"?><report name="A_03_NET_WORKING_DAYS Dashboard" version="" schema=""><layout><table id="8b8b9a3f-b7f5-ce9e-f66c-f85454f90bdd" maxRows="" autoRefresh="true" transpose="false" headers="true" fixedColumns="" aggregation="false" total="false" subtotal="false"><properties><property name="caption" value=""/><property name="numberOfElementsInRow" value="1"/><property name="height" value="450"/><property name="automaticHeight" value="0"/><property name="xAxis" value="true"/><property name="yAxis" value="true"/><property name="xAxisTitle" value="true"/><property name="yAxisTitle" value="true"/></properties><binding><measure field="A_03_NET_WORKING_DAYS.case_working_days.Case_Number" label="Case Number" aggregation="sum" runningTotal="false" function= "measure"  datatype= "integer" ><format numberFormat = "1" seriesType = "line" ></format><properties><property name="format" value="###,###"/></properties></measure><measure field="A_03_NET_WORKING_DAYS.case_working_days.Open_Date" label="Open Date" aggregation="count" runningTotal="false" function= "dimension"  datatype= "date" ><format numberFormat = "6" seriesType = "line" ></format><properties><property name="format" value="0.##"/></properties></measure><measure field="A_03_NET_WORKING_DAYS.case_working_days.Close_Date" label="Close Date" aggregation="count" runningTotal="false" function= "dimension"  datatype= "date" ><format numberFormat = "6" seriesType = "line" ></format><properties><property name="format" value="0.##"/></properties></measure><measure label="Days to Close" formula="daysBetween(A_03_NET_WORKING_DAYS.case_working_days.Close_Date, A_03_NET_WORKING_DAYS.case_working_days.Open_Date)" aggregation="sum" runningTotal="false" datatype= "formula" ><format numberFormat = "6" seriesType = "line" ></format><properties><property name="format" value="0.##"/></properties></measure><measure label="Working Days to Close" formula="A_03_NET_WORKING_DAYS.close_date.work_day_seq-A_03_NET_WORKING_DAYS.open_date.work_day_seq" aggregation="sum" runningTotal="false" datatype= "formula" ><format numberFormat = "1" seriesType = "line" ></format><properties><property name="format" value="###,###"/></properties></measure></binding><format coloringScheme="0" showLegend="1"/></table></layout></report>