<?xml version="1.0" encoding="UTF-8"?><tenant enabld="true" exportTime="Fri Sep 09 12:17:18 PDT 2016" load-mode="start" name="demo" partial="true" path="/Users/ilyasreyhanoglu/IncortaAnalytics/tenants/Demo" version="1.0"><description><![CDATA[sample tenant]]></description><configurations/><security><roles/><groups/><users/></security><data-package><data-files/><data-sources/><schemas/><session-variables/></data-package><catalog><folder id="104" name="Interns" owner-id="103" parent="101"><folder id="282" name="Insight Filters" owner-id="103" parent="104"><folder id="288" name="Pivot" owner-id="103" parent="282"><folder id="292" name="String" owner-id="103" parent="288"><dashboard guid="6e65b6d3-8d51-47a0-a531-41d1bab5d833" id="1671" name="(Pivot)String &lt;=" owner-id="103" parent="292"><data xmlns:xi="http://www.w3.org/2001/XInclude"><xi:include href="dashboards/1671_dashboard.xml" parse="xml"/></data></dashboard></folder></folder></folder></folder></catalog></tenant>