<?xml version="1.0" encoding="UTF-8"?><tenant enabld="true" exportTime="Fri Sep 09 11:33:55 PDT 2016" load-mode="start" name="demo" partial="true" path="/Users/ilyasreyhanoglu/IncortaAnalytics/tenants/Demo" version="1.0"><description><![CDATA[sample tenant]]></description><configurations/><security><roles/><groups/><users/></security><data-package><data-files/><data-sources/><schemas/><session-variables/></data-package><catalog><folder id="104" name="Interns" owner-id="103" parent="101"><folder id="244" name="Filtered Measures" owner-id="103" parent="104"><folder id="245" name="Aggregated" owner-id="103" parent="244"><folder id="249" name="String" owner-id="103" parent="245"><dashboard guid="1d3c8de4-9400-401c-acee-a18be79afd29" id="1326" name="(Aggregated)String Not In" owner-id="103" parent="249"><data xmlns:xi="http://www.w3.org/2001/XInclude"><xi:include href="dashboards/1326_dashboard.xml" parse="xml"/></data></dashboard></folder></folder></folder></folder></catalog></tenant>