<?xml version="1.0" encoding="UTF-8"?><tenant enabld="true" exportTime="Thu Sep 15 07:57:01 PDT 2016" load-mode="start" name="demo" partial="true" path="/Users/ilyasreyhanoglu/IncortaAnalytics/tenants/Demo" version="1.0"><description><![CDATA[sample tenant]]></description><configurations/><security><roles/><groups/><users/></security><data-package><data-files/><data-sources/><schemas/><session-variables/></data-package><catalog><folder id="164" name="Interns" owner-id="103" parent="101"><folder id="213" name="Filtered Measures" owner-id="103" parent="164"><folder id="214" name="Aggregated" owner-id="103" parent="213"><folder id="218" name="String" owner-id="103" parent="214"><dashboard guid="172f4f6a-ad2d-477f-9d63-57d4a4aba7c0" id="1046" name="FM(Aggregated)String &lt;" owner-id="103" parent="218"><data xmlns:xi="http://www.w3.org/2001/XInclude"><xi:include href="dashboards/1046_dashboard.xml" parse="xml"/></data></dashboard></folder></folder></folder></folder></catalog></tenant>