<?xml version="1.0" encoding="UTF-8"?><report name="A_03_NET_WORKING_DAYS Dashboard" schema="" version="" xml:base="dashboards/139_dashboard.xml"><layout><table aggregation="false" autoRefresh="true" fixedColumns="" headers="true" id="8b8b9a3f-b7f5-ce9e-f66c-f85454f90bdd" maxRows="" subtotal="false" total="false" transpose="false"><properties><property name="caption" value=""/><property name="numberOfElementsInRow" value="1"/><property name="height" value="450"/><property name="automaticHeight" value="0"/><property name="xAxis" value="true"/><property name="yAxis" value="true"/><property name="xAxisTitle" value="true"/><property name="yAxisTitle" value="true"/></properties><binding><measure aggregation="sum" datatype="integer" field="A_03_NET_WORKING_DAYS.case_working_days.Case_Number" function="measure" label="Case Number" runningTotal="false"><format numberFormat="1" seriesType="line"/><properties><property name="format" value="###,###"/></properties></measure><measure aggregation="count" datatype="date" field="A_03_NET_WORKING_DAYS.case_working_days.Open_Date" function="dimension" label="Open Date" runningTotal="false"><format numberFormat="6" seriesType="line"/><properties><property name="format" value="0.##"/></properties></measure><measure aggregation="count" datatype="date" field="A_03_NET_WORKING_DAYS.case_working_days.Close_Date" function="dimension" label="Close Date" runningTotal="false"><format numberFormat="6" seriesType="line"/><properties><property name="format" value="0.##"/></properties></measure><measure aggregation="sum" datatype="formula" formula="daysBetween(A_03_NET_WORKING_DAYS.case_working_days.Close_Date, A_03_NET_WORKING_DAYS.case_working_days.Open_Date)" label="Days to Close" runningTotal="false"><format numberFormat="6" seriesType="line"/><properties><property name="format" value="0.##"/></properties></measure><measure aggregation="sum" datatype="formula" formula="A_03_NET_WORKING_DAYS.close_date.work_day_seq-A_03_NET_WORKING_DAYS.open_date.work_day_seq" label="Working Days to Close" runningTotal="false"><format numberFormat="1" seriesType="line"/><properties><property name="format" value="###,###"/></properties></measure></binding><format coloringScheme="0" showLegend="1"/></table></layout></report>