<?xml version="1.0" encoding="UTF-8"?><tenant enabld="true" exportTime="Fri Sep 09 12:17:10 PDT 2016" load-mode="start" name="demo" partial="true" path="/Users/ilyasreyhanoglu/IncortaAnalytics/tenants/Demo" version="1.0"><description><![CDATA[sample tenant]]></description><configurations/><security><roles/><groups/><users/></security><data-package><data-files/><data-sources/><schemas/><session-variables/></data-package><catalog><folder id="104" name="Interns" owner-id="103" parent="101"><folder id="282" name="Insight Filters" owner-id="103" parent="104"><folder id="283" name="Aggregated" owner-id="103" parent="282"><folder id="285" name="Double" owner-id="103" parent="283"><dashboard guid="b642d549-130b-4f99-a5ba-7eee20606727" id="1605" name="(Aggregated)Double &lt;" owner-id="103" parent="285"><data xmlns:xi="http://www.w3.org/2001/XInclude"><xi:include href="dashboards/1605_dashboard.xml" parse="xml"/></data></dashboard></folder></folder></folder></folder></catalog></tenant>