<?xml version="1.0" encoding="UTF-8"?><tenant enabld="true" exportTime="Thu Sep 01 23:30:14 PDT 2016" load-mode="start" name="demo" partial="true" path="/incorta_v21/tenants/demo" version="1.0"><description/><configurations/><security><roles/><groups/><users/></security><data-package><data-files/><data-sources/><schemas/><session-variables/></data-package><catalog><folder id="900" name="Interns" owner-id="3110" parent="340"><folder id="976" name="Filtered Measures" owner-id="3110" parent="900"><folder id="977" name="Aggregated" owner-id="3110" parent="976"><folder id="978" name="Int" owner-id="3110" parent="977"><dashboard guid="9d1a1c94-d884-468f-be37-382d337f89d8" id="3522" name="(Aggregated)Int &gt;=" owner-id="3110" parent="978"><data xmlns:xi="http://www.w3.org/2001/XInclude"><xi:include href="dashboards/3522_dashboard.xml" parse="xml"/></data><bookmark dashboard-id="3522" is-default="false" name="String =" owner-id="3110" owner-login-name="super@incorta.com"><filters><![CDATA[<prompts><dimPrompt field='SALES_MySQL4.customers.COUNTY' label='County' dataType='string' op='='><defaultValue value='Ada County'></defaultValue></dimPrompt></prompts>]]></filters></bookmark></dashboard></folder></folder></folder></folder></catalog></tenant>