<?xml version="1.0" encoding="UTF-8"?><tenant enabld="true" exportTime="Thu Sep 15 07:56:25 PDT 2016" load-mode="start" name="demo" partial="true" path="/Users/ilyasreyhanoglu/IncortaAnalytics/tenants/Demo" version="1.0"><description><![CDATA[sample tenant]]></description><configurations/><security><roles/><groups/><users/></security><data-package><data-files/><data-sources/><schemas/><session-variables/></data-package><catalog><folder id="164" name="Interns" owner-id="103" parent="101"><folder id="165" name="Insight Filters" owner-id="103" parent="164"><folder id="176" name="Simple" owner-id="103" parent="165"><folder id="177" name="Date" owner-id="103" parent="176"><dashboard guid="9738388b-1e86-4188-95cf-18f34227e45d" id="699" name="(Simple)Date &lt;=" owner-id="103" parent="177"><data xmlns:xi="http://www.w3.org/2001/XInclude"><xi:include href="dashboards/699_dashboard.xml" parse="xml"/></data></dashboard></folder></folder></folder></folder></catalog></tenant>