<?xml version="1.0" encoding="UTF-8"?><tenant enabld="true" exportTime="Thu Sep 15 07:57:02 PDT 2016" load-mode="start" name="demo" partial="true" path="/Users/ilyasreyhanoglu/IncortaAnalytics/tenants/Demo" version="1.0"><description><![CDATA[sample tenant]]></description><configurations/><security><roles/><groups/><users/></security><data-package><data-files/><data-sources/><schemas/><session-variables/></data-package><catalog><folder id="164" name="Interns" owner-id="103" parent="101"><folder id="213" name="Filtered Measures" owner-id="103" parent="164"><folder id="219" name="Pivot" owner-id="103" parent="213"><folder id="223" name="String" owner-id="103" parent="219"><dashboard guid="e57c6d4b-bcbb-45a2-ae2e-4bc66948b4d5" id="1092" name="FM(Pivot)String =" owner-id="103" parent="223"><data xmlns:xi="http://www.w3.org/2001/XInclude"><xi:include href="dashboards/1092_dashboard.xml" parse="xml"/></data></dashboard></folder></folder></folder></folder></catalog></tenant>