<?xml version="1.0" encoding="UTF-8"?><report name="(Pivot)Date Not Null" schema="" version="" xml:base="dashboards/3484_dashboard.xml"><prompts> <dimPrompt dataType="date" default="true" field="SALES_MySQL4.sales.TIME_ID" function="dimension" label="Time Id" mandatory="true" op="IS_NOT_NULL"/></prompts><defaultTables> <defaultTable schema="SALES_MySQL4" table="countries"/> <defaultTable schema="SALES_MySQL4" table="customers"/> <defaultTable schema="SALES_MySQL4" table="product_line"/> <defaultTable schema="SALES_MySQL4" table="products"/> <defaultTable schema="SALES_MySQL4" table="sales"/> <defaultTable schema="SALES_MySQL4" table="Time_Id_Small_Sample"/></defaultTables><layout><pivot autoRefresh="true" id="3a470042-2130-1679-a71d-db8cb8568424" maxRows="0"><properties><property name="caption" value=""/><property name="numberOfElementsInRow" value="1"/><property name="height" value="450"/><property name="automaticHeight" value="0"/><property name="xAxis" value="true"/><property name="yAxis" value="true"/><property name="xAxisTitle" value="true"/><property name="yAxisTitle" value="true"/><property name="row_total" value="false"/><property name="col_total" value="false"/><property name="col_total_only" value="false"/><property name="row_total_pos" value="0"/><property name="col_total_pos" value="0"/></properties><filter><cond dataType="string" field="SALES_MySQL4.customers.CUST_STATE_PROVINCE" function="dimension" label="State/Province" op="="><value>CA</value></cond></filter><binding><column field="SALES_MySQL4.customers.CUST_STATE_PROVINCE" function="dimension" label="State/Province"/><row datatype="date" field="SALES_MySQL4.sales.TIME_ID" function="dimension" label="Time Id"><format type="0"/></row><measure aggregation="sum" datatype="double" field="SALES_MySQL4.sales.COST_OF_GOODS" function="measure" label="Cost" runningTotal="false"><format seriesType="line"/><properties><property name="format" value="###,##0.00"/></properties></measure></binding><format coloringScheme="0" showLegend="1"/></pivot></layout></report>