<?xml version="1.0" encoding="UTF-8"?><schema description="" loader="STANFORD" name="STANFORD" version="0.1" xml:base="schemas/594_schema.xml"><tables><table alias="false" charset="UTF-8" incremental="false" memory="0" multiDataSource="false" name="Periods" rows="0" sep="," source="periods.csv" staging="false"><column encrypt="false" function="dimension" hide="false" label="Period" name="Period" type="string"/><column encrypt="false" function="dimension" hide="false" label="Order" name="Order" type="integer"/></table><table alias="false" charset="UTF-8" dateformat="MM/dd/yyyy" incremental="false" memory="1060" multiDataSource="false" name="LastVersionFilter" rows="0" sep="," source="FullDataSetStanford.csv" staging="false" timestampFormat="yyyy-MM-dd HH:mm:ss" type="default"><column encrypt="false" function="measure" hide="false" label="Ptl Number" name="Ptl_Number" type="integer"/><column encrypt="false" function="dimension" hide="false" label="Ptl Dtls Id" name="Ptl_Dtls_Id" type="integer"/><column encrypt="false" function="dimension" hide="false" label="Pd Id" name="Pd_Id" type="string"/><column encrypt="false" function="dimension" hide="false" label="Approval Date" name="Approval_Date" type="date"/><column encrypt="false" function="dimension" hide="false" label="Submitted Date" name="Submitted_Date" type="date"/><column encrypt="false" function="measure" hide="false" label="Turn Around Time In Days" name="Turn_Around_Time_In_Days" type="integer"/><column encrypt="false" function="dimension" hide="false" label="Assign To Bspstaff" name="Assign_To_Bspstaff" type="string"/><column encrypt="false" formula="long(daysBetween(STANFORD.LastVersionFilter.Approval_Date, STANFORD.LastVersionFilter.Submitted_Date))" function="measure" hide="false" label="Protocol Age" name="ProtocolAge"/></table></tables></schema>