<?xml version="1.0" encoding="UTF-8"?><tenant enabld="true" exportTime="Thu Sep 01 23:11:31 PDT 2016" load-mode="start" name="demo" partial="true" path="/incorta_v21/tenants/demo" version="1.0"><description/><configurations/><security><roles/><groups/><users/></security><data-package><data-files/><data-sources/><schemas/><session-variables/></data-package><catalog><folder id="900" name="Interns" owner-id="3110" parent="340"><folder id="960" name="Dashboard Runtime Filters" owner-id="3110" parent="900"><folder id="962" name="Simple" owner-id="3110" parent="960"><folder id="973" name="Int" owner-id="3110" parent="962"><dashboard guid="8165b69a-526a-4bc2-9620-3d366ff5d13b" id="3433" name="(Simple)Int &lt;" owner-id="3110" parent="973"><data xmlns:xi="http://www.w3.org/2001/XInclude"><xi:include href="dashboards/3433_dashboard.xml" parse="xml"/></data><bookmark dashboard-id="3433" is-default="false" name="String =" owner-id="3110" owner-login-name="super@incorta.com"><filters><![CDATA[<prompts><dimPrompt field='SALES_MySQL4.customers.COUNTY' label='County' dataType='string' op='='><defaultValue value='Ada County'></defaultValue></dimPrompt></prompts>]]></filters></bookmark></dashboard></folder></folder></folder></folder></catalog></tenant>