<?xml version="1.0" encoding="UTF-8"?><tenant enabld="true" exportTime="Fri Sep 09 12:17:19 PDT 2016" load-mode="start" name="demo" partial="true" path="/Users/ilyasreyhanoglu/IncortaAnalytics/tenants/Demo" version="1.0"><description><![CDATA[sample tenant]]></description><configurations/><security><roles/><groups/><users/></security><data-package><data-files/><data-sources/><schemas/><session-variables/></data-package><catalog><folder id="104" name="Interns" owner-id="103" parent="101"><folder id="282" name="Insight Filters" owner-id="103" parent="104"><folder id="293" name="Simple" owner-id="103" parent="282"><folder id="297" name="String" owner-id="103" parent="293"><dashboard guid="a9403ac2-0f8e-4db8-b43b-9619dd072950" id="1716" name="(Simple)String =" owner-id="103" parent="297"><data xmlns:xi="http://www.w3.org/2001/XInclude"><xi:include href="dashboards/1716_dashboard.xml" parse="xml"/></data></dashboard></folder></folder></folder></folder></catalog></tenant>