<?xml version="1.0" encoding="UTF-8"?><tenant enabld="true" exportTime="Fri Sep 09 12:17:14 PDT 2016" load-mode="start" name="demo" partial="true" path="/Users/ilyasreyhanoglu/IncortaAnalytics/tenants/Demo" version="1.0"><description><![CDATA[sample tenant]]></description><configurations/><security><roles/><groups/><users/></security><data-package><data-files/><data-sources/><schemas/><session-variables/></data-package><catalog><folder id="104" name="Interns" owner-id="103" parent="101"><folder id="282" name="Insight Filters" owner-id="103" parent="104"><folder id="283" name="Aggregated" owner-id="103" parent="282"><folder id="286" name="Int" owner-id="103" parent="283"><dashboard guid="0fd1b137-bc48-4b91-9078-c6b47b220e62" id="1624" name="(Aggregated)Int Null" owner-id="103" parent="286"><data xmlns:xi="http://www.w3.org/2001/XInclude"><xi:include href="dashboards/1624_dashboard.xml" parse="xml"/></data></dashboard></folder></folder></folder></folder></catalog></tenant>