<?xml version="1.0" encoding="UTF-8"?><report name="Sales Dashboard" version="" schema=""><properties><property name="description" value="To be used as a MySQL Test Suite"/></properties><defaultTables> <defaultTable schema="Sales" table="countries"/> <defaultTable schema="Sales" table="product_line"/> <defaultTable schema="Sales" table="products"/> <defaultTable schema="Sales" table="customers"/> <defaultTable schema="Sales" table="sales"/></defaultTables><layout><table id="3750c3c3-d833-d885-c7f7-724b6e62a6fc" maxRows="" autoRefresh="true" transpose="false" headers="true" fixedColumns="" aggregation="false" total="false" subtotal="false"><properties><property name="caption" value=""/><property name="numberOfElementsInRow" value="1"/><property name="height" value="450"/><property name="automaticHeight" value="0"/><property name="xAxis" value="true"/><property name="yAxis" value="true"/><property name="xAxisTitle" value="true"/><property name="yAxisTitle" value="true"/></properties><binding><measure field="Sales.sales.QUANTITY_SOLD" label="Units" aggregation="sum" runningTotal="false" function= "measure"  datatype= "integer" ><format numberFormat = "1" seriesType = "line" ></format><properties><property name="format" value="###,###"/></properties></measure><measure field="Sales.sales.COST_OF_GOODS" label="Cost" aggregation="sum" runningTotal="false" function= "measure"  datatype= "double" ><format numberFormat = "2" seriesType = "line" ></format><properties><property name="format" value="$###,##0.00"/></properties></measure><measure field="Sales.sales.AMOUNT_SOLD" label="Revenue" aggregation="sum" runningTotal="false" function= "measure"  datatype= "integer" ><format numberFormat = "2" seriesType = "line" ></format><properties><property name="format" value="$###,##0.00"/></properties></measure><measure label="Gross Profit" formula="Sales.sales.AMOUNT_SOLD-Sales.sales.COST_OF_GOODS " aggregation="formula" runningTotal="false" datatype= "formula" ><format numberFormat = "2" seriesType = "line" ></format><properties><property name="format" value="$###,##0.00"/></properties><conditionalFormat><formatRule><cond value="0" op="&lt;" /><properties> <property name="color" value="#e20000" /></properties></formatRule><formatRule><cond value="0" op="&gt;" /><properties> <property name="color" value="#009522" /></properties></formatRule></conditionalFormat></measure></binding><format coloringScheme="0" showLegend="1"/></table><table id="171a5b48-3cfe-61f7-2b60-25fe1417d845" maxRows="" autoRefresh="true" transpose="false" headers="true" fixedColumns="" aggregation="false" total="false" subtotal="false"><properties><property name="caption" value=""/><property name="numberOfElementsInRow" value="1"/><property name="height" value="450"/><property name="automaticHeight" value="0"/><property name="xAxis" value="true"/><property name="yAxis" value="true"/><property name="xAxisTitle" value="true"/><property name="yAxisTitle" value="true"/></properties><binding><row field="Sales.customers.CUST_CITY_ID" label="Cust City Id" datatype= "integer"  function= "dimension" ><format type="0"></format></row><measure field="Sales.customers.CUST_FIRST_NAME" label="Customer First Name" aggregation="count" runningTotal="false" function= "dimension"  datatype= "string" ><format numberFormat = "6" seriesType = "line" ></format><properties><property name="format" value="0.##"/></properties></measure><measure field="Sales.customers.CUST_LAST_NAME" label="Customer Last Name" aggregation="count" runningTotal="false" function= "dimension"  datatype= "string" ><format numberFormat = "6" seriesType = "line" ></format><properties><property name="format" value="0.##"/></properties></measure><measure field="Sales.customers.CUST_STREET_ADDRESS" label="Address" aggregation="count" runningTotal="false" function= "dimension"  datatype= "string" ><format numberFormat = "6" seriesType = "line" ></format><properties><property name="format" value="0.##"/></properties></measure><measure field="Sales.customers.CUST_STATE_PROVINCE" label="State/Province" aggregation="count" runningTotal="false" function= "dimension"  datatype= "string" ><format numberFormat = "6" seriesType = "line" ></format><properties><property name="format" value="0.##"/></properties></measure><measure field="Sales.customers.CUST_POSTAL_CODE" label="ZIP Code" aggregation="sum" runningTotal="false" function= "dimension"  datatype= "integer" ><format numberFormat = "6" seriesType = "line" ></format><properties><property name="format" value="0.##"/></properties></measure><measure field="Sales.customers.CUST_EMAIL" label="Email" aggregation="count" runningTotal="false" function= "dimension"  datatype= "string" ><format numberFormat = "6" seriesType = "line" ></format><properties><property name="format" value="0.##"/></properties></measure><measure field="Sales.customers.CUST_MAIN_PHONE_NUMBER" label="Phone Number" aggregation="count" runningTotal="false" function= "dimension"  datatype= "string" ><format numberFormat = "6" seriesType = "line" ></format><properties><property name="format" value="0.##"/></properties></measure></binding><format coloringScheme="0" showLegend="1"/></table><table id="47f8dbdc-48f4-8300-cff8-2e65d0366f69" maxRows="" autoRefresh="true" transpose="false" headers="true" fixedColumns="" aggregation="false" total="false" subtotal="false"><properties><property name="caption" value=""/><property name="numberOfElementsInRow" value="1"/><property name="height" value="450"/><property name="automaticHeight" value="0"/><property name="xAxis" value="true"/><property name="yAxis" value="true"/><property name="xAxisTitle" value="true"/><property name="yAxisTitle" value="true"/></properties><binding><row field="Sales.products.PROD_CATEGORY" label="Category" datatype= "string"  function= "dimension" ><format type="0"></format></row><measure field="Sales.products.PROD_ID" label="Product Id" aggregation="sum" runningTotal="false" function= "key"  datatype= "integer" ><format numberFormat = "1" seriesType = "line" ></format><properties><property name="format" value="###,###"/></properties></measure><measure field="Sales.products.PROD_NAME" label="Product Name" aggregation="count" runningTotal="false" function= "dimension"  datatype= "string" ><format numberFormat = "6" seriesType = "line" ></format><properties><property name="format" value="0.##"/></properties></measure><measure field="Sales.products.PROD_COST" label="Product Cost" aggregation="sum" runningTotal="false" function= "measure"  datatype= "double" ><format numberFormat = "2" seriesType = "line" ></format><properties><property name="format" value="$###,##0.00"/></properties></measure><measure field="Sales.products.PROD_LIST_PRICE" label="List Price" aggregation="sum" runningTotal="false" function= "measure"  datatype= "double" ><format numberFormat = "2" seriesType = "line" ></format><properties><property name="format" value="$###,##0.00"/></properties></measure></binding><format coloringScheme="0" showLegend="1"/></table></layout></report>