<?xml version="1.0" encoding="UTF-8"?><tenant enabld="true" exportTime="Thu Sep 15 07:56:31 PDT 2016" load-mode="start" name="demo" partial="true" path="/Users/ilyasreyhanoglu/IncortaAnalytics/tenants/Demo" version="1.0"><description><![CDATA[sample tenant]]></description><configurations/><security><roles/><groups/><users/></security><data-package><data-files/><data-sources/><schemas/><session-variables/></data-package><catalog><folder id="164" name="Interns" owner-id="103" parent="101"><folder id="165" name="Insight Filters" owner-id="103" parent="164"><folder id="166" name="Aggregated" owner-id="103" parent="165"><folder id="170" name="String" owner-id="103" parent="166"><dashboard guid="bd54f3d3-66b3-4948-baf6-489a605b1cc8" id="647" name="(Aggregated)String In" owner-id="103" parent="170"><data xmlns:xi="http://www.w3.org/2001/XInclude"><xi:include href="dashboards/647_dashboard.xml" parse="xml"/></data></dashboard></folder></folder></folder></folder></catalog></tenant>