<?xml version="1.0" encoding="UTF-8"?><tenant enabld="true" exportTime="Wed Sep 14 18:01:37 PDT 2016" load-mode="start" name="demo" partial="true" path="/Users/ilyasreyhanoglu/IncortaAnalytics/tenants/Demo" version="1.0"><description><![CDATA[sample tenant]]></description><configurations/><security><roles/><groups/><users/></security><data-package><data-files/><data-sources/><schemas/><session-variables/></data-package><catalog><folder id="104" name="Interns" owner-id="103" parent="101"><folder id="105" name="Dashboard Applied Filters" owner-id="103" parent="104"><folder id="116" name="Simple" owner-id="103" parent="105"><folder id="119" name="Int" owner-id="103" parent="116"><dashboard guid="b58550e4-d1d6-4ea4-93a4-ddfb2424767d" id="219" name="(Simple)Int &gt;" owner-id="103" parent="119"><data xmlns:xi="http://www.w3.org/2001/XInclude"><xi:include href="dashboards/219_dashboard.xml" parse="xml"/></data></dashboard></folder></folder></folder></folder></catalog></tenant>