<?xml version="1.0" encoding="UTF-8"?><tenant enabld="true" exportTime="Thu Sep 15 07:56:59 PDT 2016" load-mode="start" name="demo" partial="true" path="/Users/ilyasreyhanoglu/IncortaAnalytics/tenants/Demo" version="1.0"><description><![CDATA[sample tenant]]></description><configurations/><security><roles/><groups/><users/></security><data-package><data-files/><data-sources/><schemas/><session-variables/></data-package><catalog><folder id="164" name="Interns" owner-id="103" parent="101"><folder id="213" name="Filtered Measures" owner-id="103" parent="164"><folder id="214" name="Aggregated" owner-id="103" parent="213"><folder id="217" name="Int" owner-id="103" parent="214"><dashboard guid="51e60dce-a4cd-48e9-9746-b179160ddbfd" id="1035" name="FM(Aggregated)Int &lt;" owner-id="103" parent="217"><data xmlns:xi="http://www.w3.org/2001/XInclude"><xi:include href="dashboards/1035_dashboard.xml" parse="xml"/></data></dashboard></folder></folder></folder></folder></catalog></tenant>