<?xml version="1.0" encoding="UTF-8"?><report name="A_01_CASE Dashboard" schema="" version="" xml:base="dashboards/107_dashboard.xml"><prompts> <dimPrompt dataType="string" default="false" field="A_01_CASE.agent.name" function="dimension" label="Agent Name" op="IN"/> <dimPrompt dataType="string" default="false" field="A_01_CASE.case.status" function="dimension" label="Status" op="IN"/> <dimPrompt dataType="string" default="false" field="A_01_CASE.customer.name" function="dimension" label="Customer Name" op="IN"/></prompts><filter><cond dataType="string" field="A_01_CASE.customer.name" function="dimension" label="Name" op="IN_LIST" value="Walmart"/></filter><defaultTables> <defaultTable schema="A_01_CASE" table="agent"/> <defaultTable schema="A_01_CASE" table="case"/> <defaultTable schema="A_01_CASE" table="customer"/> <defaultTable schema="A_01_CASE" table="date_open"/> <defaultTable schema="A_01_CASE" table="date_close"/></defaultTables><layout><table aggregation="true" autoRefresh="true" fixedColumns="" headers="true" id="8a4c17f4-7f89-3cbc-610d-3721e1a3160a" maxRows="" subtotal="false" total="false" transpose="false"><properties><property name="caption" value=""/><property name="numberOfElementsInRow" value="1"/><property name="height" value="450"/><property name="automaticHeight" value="0"/><property name="xAxis" value="true"/><property name="yAxis" value="true"/><property name="xAxisTitle" value="true"/><property name="yAxisTitle" value="true"/></properties><binding><row datatype="string" field="A_01_CASE.agent.name" function="dimension" label="Name"><format type="0"/></row><measure aggregation="count" datatype="integer" field="A_01_CASE.case.case_number" function="measure" label="# of Cases" runningTotal="false"><format numberFormat="6" seriesType="line"/><properties><property name="format" value="0.##"/></properties></measure></binding><format coloringScheme="0" showLegend="1"/></table><table aggregation="true" autoRefresh="true" fixedColumns="" headers="true" id="cf72531d-405e-2ef9-7d7e-bfe734d39e1c" maxRows="" subtotal="false" total="false" transpose="false"><properties><property name="caption" value=""/><property name="numberOfElementsInRow" value="1"/><property name="height" value="450"/><property name="automaticHeight" value="0"/><property name="xAxis" value="true"/><property name="yAxis" value="true"/><property name="xAxisTitle" value="true"/><property name="yAxisTitle" value="true"/></properties><binding><row datatype="date" field="A_01_CASE.case.open_date" function="dimension" label="Open Date"><format type="0"/></row><row datatype="string" field="A_01_CASE.customer.name" function="dimension" label="Name"><format type="0"/></row><row datatype="string" field="A_01_CASE.case.status" function="dimension" label="Status"><format type="0"/></row><row datatype="string" field="A_01_CASE.agent.name" function="dimension" label="Name"><format type="0"/></row><measure aggregation="sum" datatype="integer" field="A_01_CASE.case.case_number" function="measure" label="Case Number" runningTotal="false"><format numberFormat="1" seriesType="line"/><properties><property name="format" value="###,###"/></properties></measure></binding><format coloringScheme="0" showLegend="1"/></table><graph autoRefresh="true" height="200" id="aea1096f-2ea2-e753-94b9-373e90625654" logarithmic="false" maxRows="0" rotation="" showLabels="true" showStackedLabels="false" type="column" width="400"><properties><property name="caption" value=""/><property name="numberOfElementsInRow" value="1"/><property name="height" value="450"/><property name="automaticHeight" value="0"/><property name="xAxis" value="true"/><property name="yAxis" value="true"/><property name="xAxisTitle" value="true"/><property name="yAxisTitle" value="true"/></properties><binding><row datatype="string" field="A_01_CASE.date_open.Month_Name" function="dimension" label="Month Name"><sorting><sort dir="asce" field="A_01_CASE.date_open.Month_Number" function="dimension" label="Month Number"/></sorting><format type="0"/></row><measure aggregation="count" datatype="integer" field="A_01_CASE.case.case_number" function="measure" label="Case Number" runningTotal="false"><format numberFormat="6" seriesType="line"/><properties><property name="format" value="0.##"/></properties></measure></binding><format coloringScheme="0" showLegend="1"/></graph></layout></report>