<?xml version="1.0" encoding="UTF-8"?><report name="Sales Dashboard" schema="" version="" xml:base="dashboards/119_dashboard.xml"><properties><property name="description" value="To be used as a MySQL Test Suite"/></properties><defaultTables> <defaultTable schema="Sales" table="countries"/> <defaultTable schema="Sales" table="product_line"/> <defaultTable schema="Sales" table="products"/> <defaultTable schema="Sales" table="customers"/> <defaultTable schema="Sales" table="sales"/></defaultTables><layout><table aggregation="false" autoRefresh="true" fixedColumns="" headers="true" id="3750c3c3-d833-d885-c7f7-724b6e62a6fc" maxRows="" subtotal="false" total="false" transpose="false"><properties><property name="caption" value=""/><property name="numberOfElementsInRow" value="1"/><property name="height" value="450"/><property name="automaticHeight" value="0"/><property name="xAxis" value="true"/><property name="yAxis" value="true"/><property name="xAxisTitle" value="true"/><property name="yAxisTitle" value="true"/></properties><binding><measure aggregation="sum" datatype="integer" field="Sales.sales.QUANTITY_SOLD" function="measure" label="Units" runningTotal="false"><format numberFormat="1" seriesType="line"/><properties><property name="format" value="###,###"/></properties></measure><measure aggregation="sum" datatype="double" field="Sales.sales.COST_OF_GOODS" function="measure" label="Cost" runningTotal="false"><format numberFormat="2" seriesType="line"/><properties><property name="format" value="$###,##0.00"/></properties></measure><measure aggregation="sum" datatype="integer" field="Sales.sales.AMOUNT_SOLD" function="measure" label="Revenue" runningTotal="false"><format numberFormat="2" seriesType="line"/><properties><property name="format" value="$###,##0.00"/></properties></measure><measure aggregation="formula" datatype="formula" formula="Sales.sales.AMOUNT_SOLD-Sales.sales.COST_OF_GOODS " label="Gross Profit" runningTotal="false"><format numberFormat="2" seriesType="line"/><properties><property name="format" value="$###,##0.00"/></properties><conditionalFormat><formatRule><cond op="&lt;" value="0"/><properties> <property name="color" value="#e20000"/></properties></formatRule><formatRule><cond op="&gt;" value="0"/><properties> <property name="color" value="#009522"/></properties></formatRule></conditionalFormat></measure></binding><format coloringScheme="0" showLegend="1"/></table><table aggregation="false" autoRefresh="true" fixedColumns="" headers="true" id="171a5b48-3cfe-61f7-2b60-25fe1417d845" maxRows="" subtotal="false" total="false" transpose="false"><properties><property name="caption" value=""/><property name="numberOfElementsInRow" value="1"/><property name="height" value="450"/><property name="automaticHeight" value="0"/><property name="xAxis" value="true"/><property name="yAxis" value="true"/><property name="xAxisTitle" value="true"/><property name="yAxisTitle" value="true"/></properties><binding><row datatype="integer" field="Sales.customers.CUST_CITY_ID" function="dimension" label="Cust City Id"><format type="0"/></row><measure aggregation="count" datatype="string" field="Sales.customers.CUST_FIRST_NAME" function="dimension" label="Customer First Name" runningTotal="false"><format numberFormat="6" seriesType="line"/><properties><property name="format" value="0.##"/></properties></measure><measure aggregation="count" datatype="string" field="Sales.customers.CUST_LAST_NAME" function="dimension" label="Customer Last Name" runningTotal="false"><format numberFormat="6" seriesType="line"/><properties><property name="format" value="0.##"/></properties></measure><measure aggregation="count" datatype="string" field="Sales.customers.CUST_STREET_ADDRESS" function="dimension" label="Address" runningTotal="false"><format numberFormat="6" seriesType="line"/><properties><property name="format" value="0.##"/></properties></measure><measure aggregation="count" datatype="string" field="Sales.customers.CUST_STATE_PROVINCE" function="dimension" label="State/Province" runningTotal="false"><format numberFormat="6" seriesType="line"/><properties><property name="format" value="0.##"/></properties></measure><measure aggregation="sum" datatype="integer" field="Sales.customers.CUST_POSTAL_CODE" function="dimension" label="ZIP Code" runningTotal="false"><format numberFormat="6" seriesType="line"/><properties><property name="format" value="0.##"/></properties></measure><measure aggregation="count" datatype="string" field="Sales.customers.CUST_EMAIL" function="dimension" label="Email" runningTotal="false"><format numberFormat="6" seriesType="line"/><properties><property name="format" value="0.##"/></properties></measure><measure aggregation="count" datatype="string" field="Sales.customers.CUST_MAIN_PHONE_NUMBER" function="dimension" label="Phone Number" runningTotal="false"><format numberFormat="6" seriesType="line"/><properties><property name="format" value="0.##"/></properties></measure></binding><format coloringScheme="0" showLegend="1"/></table><table aggregation="false" autoRefresh="true" fixedColumns="" headers="true" id="47f8dbdc-48f4-8300-cff8-2e65d0366f69" maxRows="" subtotal="false" total="false" transpose="false"><properties><property name="caption" value=""/><property name="numberOfElementsInRow" value="1"/><property name="height" value="450"/><property name="automaticHeight" value="0"/><property name="xAxis" value="true"/><property name="yAxis" value="true"/><property name="xAxisTitle" value="true"/><property name="yAxisTitle" value="true"/></properties><binding><row datatype="string" field="Sales.products.PROD_CATEGORY" function="dimension" label="Category"><format type="0"/></row><measure aggregation="sum" datatype="integer" field="Sales.products.PROD_ID" function="key" label="Product Id" runningTotal="false"><format numberFormat="1" seriesType="line"/><properties><property name="format" value="###,###"/></properties></measure><measure aggregation="count" datatype="string" field="Sales.products.PROD_NAME" function="dimension" label="Product Name" runningTotal="false"><format numberFormat="6" seriesType="line"/><properties><property name="format" value="0.##"/></properties></measure><measure aggregation="sum" datatype="double" field="Sales.products.PROD_COST" function="measure" label="Product Cost" runningTotal="false"><format numberFormat="2" seriesType="line"/><properties><property name="format" value="$###,##0.00"/></properties></measure><measure aggregation="sum" datatype="double" field="Sales.products.PROD_LIST_PRICE" function="measure" label="List Price" runningTotal="false"><format numberFormat="2" seriesType="line"/><properties><property name="format" value="$###,##0.00"/></properties></measure></binding><format coloringScheme="0" showLegend="1"/></table></layout></report>