<?xml version="1.0" encoding="UTF-8"?><report name="A_06_HIERARCHY Dashboard" version="" schema=""><layout><table id="ca33b0c0-7adb-c539-51d5-f9424b17d15c" maxRows="" autoRefresh="true" transpose="false" headers="true" fixedColumns="" aggregation="false" total="false" subtotal="false"><properties><property name="caption" value=""/><property name="numberOfElementsInRow" value="1"/><property name="height" value="450"/><property name="automaticHeight" value="0"/><property name="xAxis" value="true"/><property name="yAxis" value="true"/><property name="xAxisTitle" value="true"/><property name="yAxisTitle" value="true"/></properties><binding><measure field="A_06_HIERARCHY.employee.emp_id" label="Emp Id" aggregation="sum" runningTotal="false" function= "dimension"  datatype= "integer" ><format numberFormat = "1" seriesType = "line" ></format><properties><property name="format" value="###,###"/></properties></measure><measure field="A_06_HIERARCHY.employee.manager_id" label="Manager Id" aggregation="sum" runningTotal="false" function= "dimension"  datatype= "integer" ><format numberFormat = "1" seriesType = "line" ></format><properties><property name="format" value="###,###"/></properties></measure><measure field="A_06_HIERARCHY.employee.name" label="Name" aggregation="count" runningTotal="false" function= "dimension"  datatype= "string" ><format numberFormat = "6" seriesType = "line" ></format><properties><property name="format" value="0.##"/></properties></measure><measure field="A_06_HIERARCHY.employee.salary" label="Salary" aggregation="sum" runningTotal="false" function= "measure"  datatype= "integer" ><format numberFormat = "1" seriesType = "line" ></format><properties><property name="format" value="###,###"/></properties></measure></binding><format coloringScheme="0" showLegend="1"/></table><table id="2575ad58-f9cc-5a82-d942-17f9da9f17ec" maxRows="" autoRefresh="true" transpose="false" headers="true" fixedColumns="" aggregation="true" total="false" subtotal="false"><properties><property name="caption" value=""/><property name="numberOfElementsInRow" value="1"/><property name="height" value="450"/><property name="automaticHeight" value="0"/><property name="xAxis" value="true"/><property name="yAxis" value="true"/><property name="xAxisTitle" value="true"/><property name="yAxisTitle" value="true"/></properties><binding><row field="A_06_HIERARCHY.employee.name" label="Name" datatype= "string"  function= "dimension"  hierarchy= "true"  level= "0" ><format type="0"></format></row><row field="A_06_HIERARCHY.employee.name" label="Name" datatype= "string"  function= "dimension"  hierarchy= "true"  level= "1" ><format type="0"></format></row><row field="A_06_HIERARCHY.employee.name" label="Name" datatype= "string"  function= "dimension"  hierarchy= "true"  level= "2" ><format type="0"></format></row><row field="A_06_HIERARCHY.employee.name" label="Name" datatype= "string"  function= "dimension"  hierarchy= "true"  level= "3" ><format type="0"></format></row><measure field="A_06_HIERARCHY.employee.salary" label="Salary" aggregation="sum" runningTotal="false" function= "measure"  datatype= "integer" ><format numberFormat = "1" seriesType = "line" ></format><properties><property name="format" value="###,###"/></properties></measure></binding><format coloringScheme="0" showLegend="1"/></table></layout></report>