<?xml version="1.0" encoding="UTF-8"?><tenant enabld="true" exportTime="Thu Sep 15 07:57:01 PDT 2016" load-mode="start" name="demo" partial="true" path="/Users/ilyasreyhanoglu/IncortaAnalytics/tenants/Demo" version="1.0"><description><![CDATA[sample tenant]]></description><configurations/><security><roles/><groups/><users/></security><data-package><data-files/><data-sources/><schemas/><session-variables/></data-package><catalog><folder id="164" name="Interns" owner-id="103" parent="101"><folder id="213" name="Filtered Measures" owner-id="103" parent="164"><folder id="219" name="Pivot" owner-id="103" parent="213"><folder id="222" name="Int" owner-id="103" parent="219"><dashboard guid="570b1ff4-e25d-49ad-96ca-d6af49518467" id="1084" name="FM(Pivot)Int In" owner-id="103" parent="222"><data xmlns:xi="http://www.w3.org/2001/XInclude"><xi:include href="dashboards/1084_dashboard.xml" parse="xml"/></data></dashboard></folder></folder></folder></folder></catalog></tenant>