<?xml version="1.0" encoding="UTF-8"?><tenant enabld="true" exportTime="Thu Sep 08 15:30:06 PDT 2016" load-mode="start" name="demo" partial="true" path="/Users/ilyasreyhanoglu/IncortaAnalytics/tenants/Demo" version="1.0"><description><![CDATA[sample tenant]]></description><configurations/><security><roles/><groups/><users/></security><data-package><data-files/><data-sources/><schemas/><session-variables/></data-package><catalog><folder id="104" name="Interns" owner-id="103" parent="101"><folder id="164" name="Dashboard Runtime Filters" owner-id="103" parent="104"><folder id="165" name="Aggregated" owner-id="103" parent="164"><folder id="168" name="Int" owner-id="103" parent="165"><dashboard guid="e6b50e51-93ca-460a-8a5a-ae0d242da12d" id="639" name="(Aggregated)Int Not Null" owner-id="103" parent="168"><data xmlns:xi="http://www.w3.org/2001/XInclude"><xi:include href="dashboards/639_dashboard.xml" parse="xml"/></data></dashboard></folder></folder></folder></folder></catalog></tenant>