<?xml version="1.0" encoding="UTF-8"?><tenant enabld="true" exportTime="Thu Sep 15 07:56:59 PDT 2016" load-mode="start" name="demo" partial="true" path="/Users/ilyasreyhanoglu/IncortaAnalytics/tenants/Demo" version="1.0"><description><![CDATA[sample tenant]]></description><configurations/><security><roles/><groups/><users/></security><data-package><data-files/><data-sources/><schemas/><session-variables/></data-package><catalog><folder id="164" name="Interns" owner-id="103" parent="101"><folder id="213" name="Filtered Measures" owner-id="103" parent="164"><folder id="219" name="Pivot" owner-id="103" parent="213"><folder id="221" name="Double" owner-id="103" parent="219"><dashboard guid="c0fdd773-e357-4a6c-a8b5-c25fff445586" id="1075" name="FM(Pivot)Double Not In" owner-id="103" parent="221"><data xmlns:xi="http://www.w3.org/2001/XInclude"><xi:include href="dashboards/1075_dashboard.xml" parse="xml"/></data></dashboard></folder></folder></folder></folder></catalog></tenant>