<?xml version="1.0" encoding="UTF-8"?><tenant enabld="true" exportTime="Tue Oct 18 16:14:55 PDT 2016" load-mode="start" name="super" partial="true" path="/Users/anahit/27/tenants/super" version="1.0"><description><![CDATA[sample tenant]]></description><configurations/><security><roles/><groups/><users/></security><data-package><data-files/><data-sources/><schemas><schema-definition description="" id="144" name="STANFORD" owner-id="101" type="0"><schema-data xmlns:xi="http://www.w3.org/2001/XInclude"><xi:include href="schemas/144_schema.xml" parse="xml"/></schema-data><loader-data xmlns:xi="http://www.w3.org/2001/XInclude"><xi:include href="schemas/144_loader.xml" parse="xml"/></loader-data></schema-definition></schemas><session-variables/></data-package><catalog/></tenant>