<?xml version="1.0" encoding="UTF-8"?><tenant enabld="true" exportTime="Fri Sep 09 12:17:18 PDT 2016" load-mode="start" name="demo" partial="true" path="/Users/ilyasreyhanoglu/IncortaAnalytics/tenants/Demo" version="1.0"><description><![CDATA[sample tenant]]></description><configurations/><security><roles/><groups/><users/></security><data-package><data-files/><data-sources/><schemas/><session-variables/></data-package><catalog><folder id="104" name="Interns" owner-id="103" parent="101"><folder id="282" name="Insight Filters" owner-id="103" parent="104"><folder id="288" name="Pivot" owner-id="103" parent="282"><folder id="292" name="String" owner-id="103" parent="288"><dashboard guid="7e24a983-c2cd-4c71-9fec-cdba880459b5" id="1676" name="(Pivot)String In" owner-id="103" parent="292"><data xmlns:xi="http://www.w3.org/2001/XInclude"><xi:include href="dashboards/1676_dashboard.xml" parse="xml"/></data></dashboard></folder></folder></folder></folder></catalog></tenant>