<?xml version="1.0" encoding="UTF-8"?><tenant enabld="true" exportTime="Thu Sep 15 07:56:46 PDT 2016" load-mode="start" name="demo" partial="true" path="/Users/ilyasreyhanoglu/IncortaAnalytics/tenants/Demo" version="1.0"><description><![CDATA[sample tenant]]></description><configurations/><security><roles/><groups/><users/></security><data-package><data-files/><data-sources/><schemas/><session-variables/></data-package><catalog><folder id="164" name="Interns" owner-id="103" parent="101"><folder id="181" name="Dashboard Applied Filters" owner-id="103" parent="164"><folder id="187" name="Pivot" owner-id="103" parent="181"><folder id="188" name="Date" owner-id="103" parent="187"><dashboard guid="32c2b56c-b596-40be-9b7f-920a38bfbea0" id="786" name="DAF(Pivot)Date &lt;" owner-id="103" parent="188"><data xmlns:xi="http://www.w3.org/2001/XInclude"><xi:include href="dashboards/786_dashboard.xml" parse="xml"/></data></dashboard></folder></folder></folder></folder></catalog></tenant>