<?xml version="1.0" encoding="UTF-8"?><tenant enabld="true" exportTime="Thu Sep 15 07:56:57 PDT 2016" load-mode="start" name="demo" partial="true" path="/Users/ilyasreyhanoglu/IncortaAnalytics/tenants/Demo" version="1.0"><description><![CDATA[sample tenant]]></description><configurations/><security><roles/><groups/><users/></security><data-package><data-files/><data-sources/><schemas/><session-variables/></data-package><catalog><folder id="164" name="Interns" owner-id="103" parent="101"><folder id="213" name="Filtered Measures" owner-id="103" parent="164"><folder id="219" name="Pivot" owner-id="103" parent="213"><folder id="220" name="Date" owner-id="103" parent="219"><dashboard guid="beacb7de-7cb3-4279-8fc8-d1784b33f14e" id="1064" name="FM(Pivot)Date In" owner-id="103" parent="220"><data xmlns:xi="http://www.w3.org/2001/XInclude"><xi:include href="dashboards/1064_dashboard.xml" parse="xml"/></data></dashboard></folder></folder></folder></folder></catalog></tenant>