<?xml version="1.0" encoding="UTF-8"?><tenant enabld="true" exportTime="Fri Sep 09 12:17:15 PDT 2016" load-mode="start" name="demo" partial="true" path="/Users/ilyasreyhanoglu/IncortaAnalytics/tenants/Demo" version="1.0"><description><![CDATA[sample tenant]]></description><configurations/><security><roles/><groups/><users/></security><data-package><data-files/><data-sources/><schemas/><session-variables/></data-package><catalog><folder id="104" name="Interns" owner-id="103" parent="101"><folder id="282" name="Insight Filters" owner-id="103" parent="104"><folder id="293" name="Simple" owner-id="103" parent="282"><folder id="296" name="Int" owner-id="103" parent="293"><dashboard guid="35ba178b-ecf8-4fd0-965e-27cadca11e07" id="1705" name="(Simple)Int =" owner-id="103" parent="296"><data xmlns:xi="http://www.w3.org/2001/XInclude"><xi:include href="dashboards/1705_dashboard.xml" parse="xml"/></data></dashboard></folder></folder></folder></folder></catalog></tenant>