<?xml version="1.0" encoding="UTF-8"?><tenant enabld="true" exportTime="Thu Sep 15 07:56:53 PDT 2016" load-mode="start" name="demo" partial="true" path="/Users/ilyasreyhanoglu/IncortaAnalytics/tenants/Demo" version="1.0"><description><![CDATA[sample tenant]]></description><configurations/><security><roles/><groups/><users/></security><data-package><data-files/><data-sources/><schemas/><session-variables/></data-package><catalog><folder id="164" name="Interns" owner-id="103" parent="101"><folder id="181" name="Dashboard Applied Filters" owner-id="103" parent="164"><folder id="182" name="Aggregated" owner-id="103" parent="181"><folder id="186" name="String" owner-id="103" parent="182"><dashboard guid="cf08af2b-91a3-4c24-a4e9-7ea8a13536ae" id="776" name="DAF(Aggregated)String &gt;" owner-id="103" parent="186"><data xmlns:xi="http://www.w3.org/2001/XInclude"><xi:include href="dashboards/776_dashboard.xml" parse="xml"/></data></dashboard></folder></folder></folder></folder></catalog></tenant>