<?xml version="1.0" encoding="UTF-8"?><tenant enabld="true" exportTime="Thu Sep 15 07:56:28 PDT 2016" load-mode="start" name="demo" partial="true" path="/Users/ilyasreyhanoglu/IncortaAnalytics/tenants/Demo" version="1.0"><description><![CDATA[sample tenant]]></description><configurations/><security><roles/><groups/><users/></security><data-package><data-files/><data-sources/><schemas/><session-variables/></data-package><catalog><folder id="164" name="Interns" owner-id="103" parent="101"><folder id="165" name="Insight Filters" owner-id="103" parent="164"><folder id="166" name="Aggregated" owner-id="103" parent="165"><folder id="169" name="Int" owner-id="103" parent="166"><dashboard guid="56ce1b03-5045-4c59-b354-dadd7832f5b8" id="631" name="(Aggregated)Int &lt;=" owner-id="103" parent="169"><data xmlns:xi="http://www.w3.org/2001/XInclude"><xi:include href="dashboards/631_dashboard.xml" parse="xml"/></data></dashboard></folder></folder></folder></folder></catalog></tenant>