<?xml version="1.0" encoding="UTF-8"?><tenant enabld="true" exportTime="Tue Oct 18 17:35:10 PDT 2016" load-mode="start" name="super" partial="true" path="/Users/anahit/27/tenants/super" version="1.0"><description><![CDATA[sample tenant]]></description><configurations/><security><roles/><groups/><users/></security><data-package><data-files/><data-sources/><schemas/><session-variables/></data-package><catalog><dashboard guid="793666cb-9def-4099-991a-75a36d0395f6" id="1111" name="Date Filters" owner-id="101" parent="101"><data xmlns:xi="http://www.w3.org/2001/XInclude"><xi:include href="dashboards/610_dashboard.xml" parse="xml"/></data><bookmark dashboard-id="1111" is-default="true" is-incremental-enabled="false" is-public="true" name="NotIn" owner-id="101" owner-login-name="super"><filters><![CDATA[<prompts><dimPrompt field='SALES_MySQL4.sales.TIME_ID' label='Time Id' dataType='date' op='IN'><defaultValue value='2016-01-01 00:00:00.000'></defaultValue><defaultValue value='2012-01-01 00:00:00.000'></defaultValue><defaultValue value='2014-01-11 00:00:00.000'></defaultValue></dimPrompt></prompts>]]></filters></bookmark></dashboard></catalog></tenant>