<?xml version="1.0" encoding="UTF-8"?><tenant enabld="true" exportTime="Thu Sep 15 07:56:58 PDT 2016" load-mode="start" name="demo" partial="true" path="/Users/ilyasreyhanoglu/IncortaAnalytics/tenants/Demo" version="1.0"><description><![CDATA[sample tenant]]></description><configurations/><security><roles/><groups/><users/></security><data-package><data-files/><data-sources/><schemas/><session-variables/></data-package><catalog><folder id="164" name="Interns" owner-id="103" parent="101"><folder id="213" name="Filtered Measures" owner-id="103" parent="164"><folder id="214" name="Aggregated" owner-id="103" parent="213"><folder id="216" name="Double" owner-id="103" parent="214"><dashboard guid="dc4085b8-d949-4d78-b182-81541d72730d" id="1028" name="FM(Aggregated)Double &gt;" owner-id="103" parent="216"><data xmlns:xi="http://www.w3.org/2001/XInclude"><xi:include href="dashboards/1028_dashboard.xml" parse="xml"/></data></dashboard></folder></folder></folder></folder></catalog></tenant>