<?xml version="1.0" encoding="UTF-8"?><tenant enabld="true" exportTime="Wed Sep 14 18:01:29 PDT 2016" load-mode="start" name="demo" partial="true" path="/Users/ilyasreyhanoglu/IncortaAnalytics/tenants/Demo" version="1.0"><description><![CDATA[sample tenant]]></description><configurations/><security><roles/><groups/><users/></security><data-package><data-files/><data-sources/><schemas/><session-variables/></data-package><catalog><folder id="104" name="Interns" owner-id="103" parent="101"><folder id="148" name="Insight Filters" owner-id="103" parent="104"><folder id="149" name="Aggregated" owner-id="103" parent="148"><folder id="151" name="Double" owner-id="103" parent="149"><dashboard guid="b1d8bb9b-f30d-4afd-8b33-1c646a84e91b" id="480" name="(Aggregated)Double &lt;=" owner-id="103" parent="151"><data xmlns:xi="http://www.w3.org/2001/XInclude"><xi:include href="dashboards/480_dashboard.xml" parse="xml"/></data></dashboard></folder></folder></folder></folder></catalog></tenant>