<?xml version="1.0" encoding="UTF-8"?><schema loader="actors" name="actors" version="1.0"><tables><table alias="false" name="actor"><column function="key" hide="false" label="Actor Id" name="actor_id" type="integer"/><column function="dimension" hide="false" label="First Name" name="first_name" type="string"/><column function="dimension" hide="false" label="Last Name" name="last_name" type="string"/><column function="dimension" hide="false" label="Last Update" name="last_update" type="timestamp"/></table><table alias="false" name="film"><column function="key" hide="false" label="Film Id" name="film_id" type="integer"/><column function="dimension" hide="false" label="Title" name="title" type="string"/><column function="dimension" hide="false" label="Description" name="description" type="text"/><column function="dimension" hide="false" label="Release Year" name="release_year" type="date"/><column function="dimension" hide="false" label="Language Id" name="language_id" type="integer"/><column function="dimension" hide="false" label="Original Language Id" name="original_language_id" type="integer"/><column function="measure" hide="false" label="Rental Duration" name="rental_duration" type="integer"/><column function="measure" hide="false" label="Rental Rate" name="rental_rate" type="double"/><column function="measure" hide="false" label="Length" name="length" type="integer"/><column function="measure" hide="false" label="Replacement Cost" name="replacement_cost" type="double"/><column function="dimension" hide="false" label="Rating" name="rating" type="string"/><column function="dimension" hide="false" label="Special Features" name="special_features" type="string"/><column function="dimension" hide="false" label="Last Update" name="last_update" type="timestamp"/></table><table alias="false" name="film_actor"><column function="key" hide="false" label="Actor Id" name="actor_id" type="integer"/><column function="key" hide="false" label="Film Id" name="film_id" type="integer"/><column function="dimension" hide="false" label="Last Update" name="last_update" type="timestamp"/></table><table alias="false" name="city"><column function="key" hide="false" label="City Id" name="city_id" type="integer"/><column function="dimension" hide="false" label="City" name="city" type="string"/><column function="dimension" hide="false" label="Country Id" name="country_id" type="integer"/><column function="dimension" hide="false" label="Last Update" name="last_update" type="timestamp"/></table><table alias="false" name="category"><column function="key" hide="false" label="Category Id" name="category_id" type="integer"/><column function="dimension" hide="false" label="Name" name="name" type="string"/><column function="dimension" hide="false" label="Last Update" name="last_update" type="timestamp"/></table><table alias="false" name="country"><column function="key" hide="false" label="Country Id" name="country_id" type="integer"/><column function="dimension" hide="false" label="Country" name="country" type="string"/><column function="dimension" hide="false" label="Last Update" name="last_update" type="timestamp"/></table><table alias="false" name="customer"><column function="key" hide="false" label="Customer Id" name="customer_id" type="integer"/><column function="dimension" hide="false" label="Store Id" name="store_id" type="integer"/><column function="dimension" hide="false" label="First Name" name="first_name" type="string"/><column function="dimension" hide="false" label="Last Name" name="last_name" type="string"/><column function="dimension" hide="false" label="Email" name="email" type="string"/><column function="dimension" hide="false" label="Address Id" name="address_id" type="integer"/><column function="dimension" hide="false" label="Active" name="active" type="string"/><column function="dimension" hide="false" label="Create Date" name="create_date" type="timestamp"/><column function="dimension" hide="false" label="Last Update" name="last_update" type="timestamp"/></table><table alias="false" name="address"><column function="key" hide="false" label="Address Id" name="address_id" type="integer"/><column function="dimension" hide="false" label="Address" name="address" type="string"/><column function="dimension" hide="false" label="Address2" name="address2" type="string"/><column function="dimension" hide="false" label="District" name="district" type="string"/><column function="dimension" hide="false" label="City Id" name="city_id" type="integer"/><column function="dimension" hide="false" label="Postal Code" name="postal_code" type="string"/><column function="dimension" hide="false" label="Phone" name="phone" type="string"/><column function="dimension" hide="false" label="Last Update" name="last_update" type="timestamp"/></table><table alias="false" name="film_category"><column function="key" hide="false" label="Film Id" name="film_id" type="integer"/><column function="key" hide="false" label="Category Id" name="category_id" type="integer"/><column function="dimension" hide="false" label="Last Update" name="last_update" type="timestamp"/></table><table alias="false" name="film_text"><column function="key" hide="false" label="Film Id" name="film_id" type="integer"/><column function="dimension" hide="false" label="Title" name="title" type="string"/><column function="dimension" hide="false" label="Description" name="description" type="text"/></table><table alias="false" name="language"><column function="key" hide="false" label="Language Id" name="language_id" type="integer"/><column function="dimension" hide="false" label="Name" name="name" type="string"/><column function="dimension" hide="false" label="Last Update" name="last_update" type="timestamp"/></table><table alias="false" name="inventory"><column function="key" hide="false" label="Inventory Id" name="inventory_id" type="integer"/><column function="dimension" hide="false" label="Film Id" name="film_id" type="integer"/><column function="dimension" hide="false" label="Store Id" name="store_id" type="integer"/><column function="dimension" hide="false" label="Last Update" name="last_update" type="timestamp"/></table><table alias="false" name="payment"><column function="key" hide="false" label="Payment Id" name="payment_id" type="integer"/><column function="dimension" hide="false" label="Customer Id" name="customer_id" type="integer"/><column function="dimension" hide="false" label="Staff Id" name="staff_id" type="integer"/><column function="dimension" hide="false" label="Rental Id" name="rental_id" type="integer"/><column function="measure" hide="false" label="Amount" name="amount" type="double"/><column function="dimension" hide="false" label="Payment Date" name="payment_date" type="timestamp"/><column function="dimension" hide="false" label="Last Update" name="last_update" type="timestamp"/></table><table alias="false" name="rental"><column function="key" hide="false" label="Rental Id" name="rental_id" type="integer"/><column function="dimension" hide="false" label="Rental Date" name="rental_date" type="timestamp"/><column function="dimension" hide="false" label="Inventory Id" name="inventory_id" type="integer"/><column function="dimension" hide="false" label="Customer Id" name="customer_id" type="integer"/><column function="dimension" hide="false" label="Return Date" name="return_date" type="timestamp"/><column function="dimension" hide="false" label="Staff Id" name="staff_id" type="integer"/><column function="dimension" hide="false" label="Last Update" name="last_update" type="timestamp"/></table><table alias="false" name="staff"><column function="key" hide="false" label="Staff Id" name="staff_id" type="integer"/><column function="dimension" hide="false" label="First Name" name="first_name" type="string"/><column function="dimension" hide="false" label="Last Name" name="last_name" type="string"/><column function="dimension" hide="false" label="Address Id" name="address_id" type="integer"/><column function="dimension" hide="false" label="Picture" name="picture" type="null"/><column function="dimension" hide="false" label="Email" name="email" type="string"/><column function="dimension" hide="false" label="Store Id" name="store_id" type="integer"/><column function="dimension" hide="false" label="Active" name="active" type="string"/><column function="dimension" hide="false" label="Username" name="username" type="string"/><column function="dimension" hide="false" label="Password" name="password" type="string"/><column function="dimension" hide="false" label="Last Update" name="last_update" type="timestamp"/></table><table alias="false" name="store"><column function="key" hide="false" label="Store Id" name="store_id" type="integer"/><column function="dimension" hide="false" label="Manager Staff Id" name="manager_staff_id" type="integer"/><column function="dimension" hide="false" label="Address Id" name="address_id" type="integer"/><column function="dimension" hide="false" label="Last Update" name="last_update" type="timestamp"/></table><table alias="false" name="customer_list"><column function="measure" hide="false" label="Id" name="ID" type="integer"/><column function="dimension" hide="false" label="Name" name="name" type="string"/><column function="dimension" hide="false" label="Address" name="address" type="string"/><column function="dimension" hide="false" label="Zip Code" name="zip code" type="string"/><column function="dimension" hide="false" label="Phone" name="phone" type="string"/><column function="dimension" hide="false" label="City" name="city" type="string"/><column function="dimension" hide="false" label="Country" name="country" type="string"/><column function="dimension" hide="false" label="Notes" name="notes" type="string"/><column function="measure" hide="false" label="Sid" name="SID" type="integer"/></table><table alias="false" name="film_list"><column function="measure" hide="false" label="Fid" name="FID" type="integer"/><column function="dimension" hide="false" label="Title" name="title" type="string"/><column function="dimension" hide="false" label="Description" name="description" type="text"/><column function="dimension" hide="false" label="Category" name="category" type="string"/><column function="measure" hide="false" label="Price" name="price" type="double"/><column function="measure" hide="false" label="Length" name="length" type="integer"/><column function="dimension" hide="false" label="Rating" name="rating" type="string"/><column function="dimension" hide="false" label="Actors" name="actors" type="string"/></table><table alias="false" name="nicer_but_slower_film_list"><column function="measure" hide="false" label="Fid" name="FID" type="integer"/><column function="dimension" hide="false" label="Title" name="title" type="string"/><column function="dimension" hide="false" label="Description" name="description" type="text"/><column function="dimension" hide="false" label="Category" name="category" type="string"/><column function="measure" hide="false" label="Price" name="price" type="double"/><column function="measure" hide="false" label="Length" name="length" type="integer"/><column function="dimension" hide="false" label="Rating" name="rating" type="string"/><column function="dimension" hide="false" label="Actors" name="actors" type="string"/></table><table alias="false" name="staff_list"><column function="measure" hide="false" label="Id" name="ID" type="integer"/><column function="dimension" hide="false" label="Name" name="name" type="string"/><column function="dimension" hide="false" label="Address" name="address" type="string"/><column function="dimension" hide="false" label="Zip Code" name="zip code" type="string"/><column function="dimension" hide="false" label="Phone" name="phone" type="string"/><column function="dimension" hide="false" label="City" name="city" type="string"/><column function="dimension" hide="false" label="Country" name="country" type="string"/><column function="measure" hide="false" label="Sid" name="SID" type="integer"/></table><table alias="false" name="sales_by_store"><column function="dimension" hide="false" label="Store" name="store" type="string"/><column function="dimension" hide="false" label="Manager" name="manager" type="string"/><column function="measure" hide="false" label="Total Sales" name="total_sales" type="double"/></table><table alias="false" name="sales_by_film_category"><column function="dimension" hide="false" label="Category" name="category" type="string"/><column function="measure" hide="false" label="Total Sales" name="total_sales" type="double"/></table><table alias="false" name="actor_info"><column function="dimension" hide="false" label="Actor Id" name="actor_id" type="integer"/><column function="dimension" hide="false" label="First Name" name="first_name" type="string"/><column function="dimension" hide="false" label="Last Name" name="last_name" type="string"/><column function="dimension" hide="false" label="Film Info" name="film_info" type="string"/></table></tables><joins><join name="3c4863e0-4df4-1f01-33c8-64c05a846cd6"><cond child="actors.film.language_id" op="=" parent="actors.language.language_id"/><cond child="actors.film.original_language_id" op="=" parent="actors.language.language_id"/></join><join name="df9cda2e-3bdd-1a94-9622-5289ce4474af"><cond child="actors.film_actor.actor_id" op="=" parent="actors.actor.actor_id"/></join><join name="e93a0768-680a-4f61-c085-178572772ed0"><cond child="actors.film_actor.film_id" op="=" parent="actors.film.film_id"/></join><join name="763f5c68-8844-4ef5-88cd-67274abf9383"><cond child="actors.city.country_id" op="=" parent="actors.country.country_id"/></join><join name="cf63ce6f-07b2-2900-efe9-d06d20182bcb"><cond child="actors.customer.store_id" op="=" parent="actors.store.store_id"/></join><join name="7ada5d63-32d6-f3a9-a739-7adb37928074"><cond child="actors.customer.address_id" op="=" parent="actors.address.address_id"/></join><join name="cf62b87c-c95b-4064-92ea-55acbb532bdb"><cond child="actors.address.city_id" op="=" parent="actors.city.city_id"/></join><join name="c60290ef-fc8e-da23-2396-25dc4787ae4b"><cond child="actors.film_category.film_id" op="=" parent="actors.film.film_id"/></join><join name="b3d56b21-7f07-fad6-3c9c-0312537a4cae"><cond child="actors.film_category.category_id" op="=" parent="actors.category.category_id"/></join><join name="1597c008-425a-ff06-b33c-2a8c02903cab"><cond child="actors.inventory.film_id" op="=" parent="actors.film.film_id"/></join><join name="fe8d1662-f828-8804-2c92-9f6fe76c7555"><cond child="actors.inventory.store_id" op="=" parent="actors.store.store_id"/></join><join name="e48b8b47-0bd9-41d3-c41b-00a569d1db9a"><cond child="actors.payment.customer_id" op="=" parent="actors.customer.customer_id"/></join><join name="a35d97fa-bb6a-bcf6-e803-0958c3840b2a"><cond child="actors.payment.staff_id" op="=" parent="actors.staff.staff_id"/></join><join name="4eb4e808-3fa7-595c-21d3-c29e90c65d20"><cond child="actors.payment.rental_id" op="=" parent="actors.rental.rental_id"/></join><join name="d1859342-8407-1e7a-b1a1-4bfe1c75e05f"><cond child="actors.rental.inventory_id" op="=" parent="actors.inventory.inventory_id"/></join><join name="1063c937-17bd-d3ae-bb13-d87520656018"><cond child="actors.rental.customer_id" op="=" parent="actors.customer.customer_id"/></join><join name="aaed9d6d-4a0c-0480-3bd5-36f53cc33e8b"><cond child="actors.rental.staff_id" op="=" parent="actors.staff.staff_id"/></join><join name="4e86e48f-2a0a-31ed-626a-f0fdee8369a0"><cond child="actors.staff.address_id" op="=" parent="actors.address.address_id"/></join><join name="25f54135-2440-4430-cd36-1deedad24b66"><cond child="actors.staff.store_id" op="=" parent="actors.store.store_id"/></join><join name="c223f4a8-4458-630c-ded3-b84df213e9cf"><cond child="actors.store.manager_staff_id" op="=" parent="actors.staff.staff_id"/></join><join name="49cb3b96-a0e7-3e97-2fa2-2ed6726026c0"><cond child="actors.store.address_id" op="=" parent="actors.address.address_id"/></join></joins></schema>