<?xml version="1.0" encoding="UTF-8"?><loader name="actors" refreshPeriod="-1" schema="actors" version="1.0"><datasets><sql source="sakila" table="actors.actor"><query>SELECT `actor_id`, `first_name`, `last_name`, `last_update` FROM `sakila`.`actor`</query></sql><sql source="sakila" table="actors.film"><query>SELECT `film_id`, `title`, `description`, `release_year`, `language_id`, `original_language_id`, `rental_duration`, `rental_rate`, `length`, `replacement_cost`, `rating`, `special_features`, `last_update` FROM `sakila`.`film`</query></sql><sql source="sakila" table="actors.film_actor"><query>SELECT `actor_id`, `film_id`, `last_update` FROM `sakila`.`film_actor`</query></sql><sql source="sakila" table="actors.city"><query>SELECT `city_id`, `city`, `country_id`, `last_update` FROM `sakila`.`city`</query></sql><sql source="sakila" table="actors.category"><query>SELECT `category_id`, `name`, `last_update` FROM `sakila`.`category`</query></sql><sql source="sakila" table="actors.country"><query>SELECT `country_id`, `country`, `last_update` FROM `sakila`.`country`</query></sql><sql source="sakila" table="actors.customer"><query>SELECT `customer_id`, `store_id`, `first_name`, `last_name`, `email`, `address_id`, `active`, `create_date`, `last_update` FROM `sakila`.`customer`</query></sql><sql source="sakila" table="actors.address"><query>SELECT `address_id`, `address`, `address2`, `district`, `city_id`, `postal_code`, `phone`, `last_update` FROM `sakila`.`address`</query></sql><sql source="sakila" table="actors.film_category"><query>SELECT `film_id`, `category_id`, `last_update` FROM `sakila`.`film_category`</query></sql><sql source="sakila" table="actors.film_text"><query>SELECT `film_id`, `title`, `description` FROM `sakila`.`film_text`</query></sql><sql source="sakila" table="actors.language"><query>SELECT `language_id`, `name`, `last_update` FROM `sakila`.`language`</query></sql><sql source="sakila" table="actors.inventory"><query>SELECT `inventory_id`, `film_id`, `store_id`, `last_update` FROM `sakila`.`inventory`</query></sql><sql source="sakila" table="actors.payment"><query>SELECT `payment_id`, `customer_id`, `staff_id`, `rental_id`, `amount`, `payment_date`, `last_update` FROM `sakila`.`payment`</query></sql><sql source="sakila" table="actors.rental"><query>SELECT `rental_id`, `rental_date`, `inventory_id`, `customer_id`, `return_date`, `staff_id`, `last_update` FROM `sakila`.`rental`</query></sql><sql source="sakila" table="actors.staff"><query>SELECT `staff_id`, `first_name`, `last_name`, `address_id`, `picture`, `email`, `store_id`, `active`, `username`, `password`, `last_update` FROM `sakila`.`staff`</query></sql><sql source="sakila" table="actors.store"><query>SELECT `store_id`, `manager_staff_id`, `address_id`, `last_update` FROM `sakila`.`store`</query></sql><sql source="sakila" table="actors.customer_list"><query>SELECT `ID`, `name`, `address`, `zip code`, `phone`, `city`, `country`, `notes`, `SID` FROM `sakila`.`customer_list`</query></sql><sql source="sakila" table="actors.film_list"><query>SELECT `FID`, `title`, `description`, `category`, `price`, `length`, `rating`, `actors` FROM `sakila`.`film_list`</query></sql><sql source="sakila" table="actors.nicer_but_slower_film_list"><query>SELECT `FID`, `title`, `description`, `category`, `price`, `length`, `rating`, `actors` FROM `sakila`.`nicer_but_slower_film_list`</query></sql><sql source="sakila" table="actors.staff_list"><query>SELECT `ID`, `name`, `address`, `zip code`, `phone`, `city`, `country`, `SID` FROM `sakila`.`staff_list`</query></sql><sql source="sakila" table="actors.sales_by_store"><query>SELECT `store`, `manager`, `total_sales` FROM `sakila`.`sales_by_store`</query></sql><sql source="sakila" table="actors.sales_by_film_category"><query>SELECT `category`, `total_sales` FROM `sakila`.`sales_by_film_category`</query></sql><sql source="sakila" table="actors.actor_info"><query>SELECT `actor_id`, `first_name`, `last_name`, `film_info` FROM `sakila`.`actor_info`</query></sql></datasets></loader>