<?xml version="1.0" encoding="UTF-8"?><tenant enabld="true" exportTime="Wed Sep 14 18:01:20 PDT 2016" load-mode="start" name="demo" partial="true" path="/Users/ilyasreyhanoglu/IncortaAnalytics/tenants/Demo" version="1.0"><description><![CDATA[sample tenant]]></description><configurations/><security><roles/><groups/><users/></security><data-package><data-files/><data-sources/><schemas/><session-variables/></data-package><catalog><folder id="104" name="Interns" owner-id="103" parent="101"><folder id="148" name="Insight Filters" owner-id="103" parent="104"><folder id="149" name="Aggregated" owner-id="103" parent="148"><folder id="150" name="Date" owner-id="103" parent="149"><dashboard guid="83812a21-5103-4e8c-80a0-65ce424454ba" id="473" name="(Aggregated)Date &gt;=" owner-id="103" parent="150"><data xmlns:xi="http://www.w3.org/2001/XInclude"><xi:include href="dashboards/473_dashboard.xml" parse="xml"/></data></dashboard></folder></folder></folder></folder></catalog></tenant>