<?xml version="1.0" encoding="UTF-8"?><tenant enabld="true" exportTime="Wed Jun 29 14:23:10 PDT 2016" load-mode="start" name="demo" partial="true" path="/Users/ilyasreyhanoglu/Incorta Analytics/tenants/Demo" version="1.0"><description><![CDATA[sample tenant]]></description><configurations/><security><roles/><groups/><users/></security><data-package><data-files/><data-sources/><schemas/><session-variables/></data-package><catalog><dashboard guid="98e77650-bd45-45dd-b577-b447a781f8c0" id="109" name="A_04_CASE_BIN Dashboard-1" owner-id="102" parent="100"><data xmlns:xi="http://www.w3.org/2001/XInclude"><xi:include href="dashboards/109_dashboard.xml" parse="xml"/></data></dashboard></catalog></tenant>