<?xml version="1.0" encoding="UTF-8"?><report name="A_04_CASE_BIN Dashboard-1" version="" schema=""><defaultTables> <defaultTable schema="A_04_CASE_BIN" table="case_bin"/></defaultTables><layout><table id="e9f86b30-89d5-0df6-773c-79b7ee9039ff" maxRows="" autoRefresh="true" transpose="false" headers="true" fixedColumns="" aggregation="false" total="false" subtotal="false"><properties><property name="caption" value=""/><property name="numberOfElementsInRow" value="1"/><property name="height" value="450"/><property name="automaticHeight" value="0"/><property name="xAxis" value="true"/><property name="yAxis" value="true"/><property name="xAxisTitle" value="true"/><property name="yAxisTitle" value="true"/></properties><binding><measure field="A_04_CASE_BIN.case_bin.Case_Number" label="Case Number" aggregation="sum" runningTotal="false" function= "measure"  datatype= "integer" ><format numberFormat = "1" seriesType = "line" ></format><properties><property name="format" value="###,###"/></properties></measure><measure field="A_04_CASE_BIN.case_bin.Open_Date" label="Open Date" aggregation="count" runningTotal="false" function= "dimension"  datatype= "date" ><format numberFormat = "6" seriesType = "line" ></format><properties><property name="format" value="0.##"/></properties></measure><measure field="A_04_CASE_BIN.case_bin.Close_Date" label="Close Date" aggregation="count" runningTotal="false" function= "dimension"  datatype= "date" ><format numberFormat = "6" seriesType = "line" ></format><properties><property name="format" value="0.##"/></properties></measure><measure label="Bucket" formula="bin(daysBetween(A_04_CASE_BIN.case_bin.Close_Date, A_04_CASE_BIN.case_bin.Open_Date),&quot;1-7 days&quot;,8,&quot;8-14 days&quot;, 15, &quot;More than 14 days&quot;)" aggregation="formula" runningTotal="false" datatype= "formula" ><format seriesType = "line" ></format><properties><property name="format" value="###,##0.00"/></properties></measure></binding><format coloringScheme="0" showLegend="1"/></table><graph id="a08e2f67-ff03-66be-2b5b-2c768b352ac0" maxRows="0" autoRefresh="true" width="400" height="200" rotation="NaN" showLabels="true" showStackedLabels="false" logarithmic="false" type="column"><properties><property name="caption" value=""/><property name="numberOfElementsInRow" value="1"/><property name="height" value="450"/><property name="automaticHeight" value="0"/><property name="xAxis" value="true"/><property name="yAxis" value="true"/><property name="xAxisTitle" value="true"/><property name="yAxisTitle" value="true"/></properties><binding><row field="A_04_CASE_BIN.case_bin.bucket" label="Bucket" datatype= "string"  function= "dimension" ><format type="0"></format></row><measure field="A_04_CASE_BIN.case_bin.Case_Number" label="Case Number" aggregation="sum" runningTotal="false" function= "measure"  datatype= "integer" ><format numberFormat = "1" seriesType = "line" ></format><properties><property name="format" value="###,###"/></properties></measure></binding><format coloringScheme="0" showLegend="1"/></graph></layout></report>