<?xml version="1.0" encoding="UTF-8"?><tenant enabld="true" exportTime="Fri Sep 09 11:04:38 PDT 2016" load-mode="start" name="demo" partial="true" path="/Users/ilyasreyhanoglu/IncortaAnalytics/tenants/Demo" version="1.0"><description><![CDATA[sample tenant]]></description><configurations/><security><roles/><groups/><users/></security><data-package><data-files/><data-sources/><schemas/><session-variables/></data-package><catalog><folder id="104" name="Interns" owner-id="103" parent="101"><folder id="212" name="Dashboard Applied Filters" owner-id="103" parent="104"><folder id="218" name="Pivot" owner-id="103" parent="212"><folder id="219" name="Date" owner-id="103" parent="218"><dashboard guid="75faebc9-afbc-461b-95ce-ceb93d3842de" id="1070" name="(Pivot)Date &gt;" owner-id="103" parent="219"><data xmlns:xi="http://www.w3.org/2001/XInclude"><xi:include href="dashboards/1070_dashboard.xml" parse="xml"/></data></dashboard></folder></folder></folder></folder></catalog></tenant>