<?xml version="1.0" encoding="UTF-8"?><tenant enabld="true" exportTime="Fri Sep 09 11:33:50 PDT 2016" load-mode="start" name="demo" partial="true" path="/Users/ilyasreyhanoglu/IncortaAnalytics/tenants/Demo" version="1.0"><description><![CDATA[sample tenant]]></description><configurations/><security><roles/><groups/><users/></security><data-package><data-files/><data-sources/><schemas/><session-variables/></data-package><catalog><folder id="104" name="Interns" owner-id="103" parent="101"><folder id="244" name="Filtered Measures" owner-id="103" parent="104"><folder id="245" name="Aggregated" owner-id="103" parent="244"><folder id="246" name="Date" owner-id="103" parent="245"><dashboard guid="7739981f-83b0-4687-9dee-ca194f5d935c" id="1293" name="(Aggregated)Date Not In" owner-id="103" parent="246"><data xmlns:xi="http://www.w3.org/2001/XInclude"><xi:include href="dashboards/1293_dashboard.xml" parse="xml"/></data></dashboard></folder></folder></folder></folder></catalog></tenant>