<?xml version="1.0" encoding="UTF-8"?><tenant enabld="true" exportTime="Fri Sep 09 11:04:42 PDT 2016" load-mode="start" name="demo" partial="true" path="/Users/ilyasreyhanoglu/IncortaAnalytics/tenants/Demo" version="1.0"><description><![CDATA[sample tenant]]></description><configurations/><security><roles/><groups/><users/></security><data-package><data-files/><data-sources/><schemas/><session-variables/></data-package><catalog><folder id="104" name="Interns" owner-id="103" parent="101"><folder id="212" name="Dashboard Applied Filters" owner-id="103" parent="104"><folder id="213" name="Aggregated" owner-id="103" parent="212"><folder id="216" name="Int" owner-id="103" parent="213"><dashboard guid="0e5931f0-af54-4428-a797-11462c333fe2" id="1051" name="(Aggregated)Int Not Null" owner-id="103" parent="216"><data xmlns:xi="http://www.w3.org/2001/XInclude"><xi:include href="dashboards/1051_dashboard.xml" parse="xml"/></data></dashboard></folder></folder></folder></folder></catalog></tenant>