<?xml version="1.0" encoding="UTF-8"?><tenant enabld="true" exportTime="Wed Sep 14 18:01:35 PDT 2016" load-mode="start" name="demo" partial="true" path="/Users/ilyasreyhanoglu/IncortaAnalytics/tenants/Demo" version="1.0"><description><![CDATA[sample tenant]]></description><configurations/><security><roles/><groups/><users/></security><data-package><data-files/><data-sources/><schemas/><session-variables/></data-package><catalog><folder id="104" name="Interns" owner-id="103" parent="101"><folder id="121" name="Dashboard Runtime Filters" owner-id="103" parent="104"><folder id="127" name="Pivot" owner-id="103" parent="121"><folder id="130" name="Int" owner-id="103" parent="127"><dashboard guid="82a14d72-0ccf-4593-8fea-d5adcf6d080f" id="315" name="(Pivot)Int In" owner-id="103" parent="130"><data xmlns:xi="http://www.w3.org/2001/XInclude"><xi:include href="dashboards/315_dashboard.xml" parse="xml"/></data></dashboard></folder></folder></folder></folder></catalog></tenant>