<?xml version="1.0" encoding="UTF-8"?><report name="A_04_CASE_BIN Dashboard-1" schema="" version="" xml:base="dashboards/109_dashboard.xml"><defaultTables> <defaultTable schema="A_04_CASE_BIN" table="case_bin"/></defaultTables><layout><table aggregation="false" autoRefresh="true" fixedColumns="" headers="true" id="e9f86b30-89d5-0df6-773c-79b7ee9039ff" maxRows="" subtotal="false" total="false" transpose="false"><properties><property name="caption" value=""/><property name="numberOfElementsInRow" value="1"/><property name="height" value="450"/><property name="automaticHeight" value="0"/><property name="xAxis" value="true"/><property name="yAxis" value="true"/><property name="xAxisTitle" value="true"/><property name="yAxisTitle" value="true"/></properties><binding><measure aggregation="sum" datatype="integer" field="A_04_CASE_BIN.case_bin.Case_Number" function="measure" label="Case Number" runningTotal="false"><format numberFormat="1" seriesType="line"/><properties><property name="format" value="###,###"/></properties></measure><measure aggregation="count" datatype="date" field="A_04_CASE_BIN.case_bin.Open_Date" function="dimension" label="Open Date" runningTotal="false"><format numberFormat="6" seriesType="line"/><properties><property name="format" value="0.##"/></properties></measure><measure aggregation="count" datatype="date" field="A_04_CASE_BIN.case_bin.Close_Date" function="dimension" label="Close Date" runningTotal="false"><format numberFormat="6" seriesType="line"/><properties><property name="format" value="0.##"/></properties></measure><measure aggregation="formula" datatype="formula" formula="bin(daysBetween(A_04_CASE_BIN.case_bin.Close_Date, A_04_CASE_BIN.case_bin.Open_Date),&quot;1-7 days&quot;,8,&quot;8-14 days&quot;, 15, &quot;More than 14 days&quot;)" label="Bucket" runningTotal="false"><format seriesType="line"/><properties><property name="format" value="###,##0.00"/></properties></measure></binding><format coloringScheme="0" showLegend="1"/></table><graph autoRefresh="true" height="200" id="a08e2f67-ff03-66be-2b5b-2c768b352ac0" logarithmic="false" maxRows="0" rotation="NaN" showLabels="true" showStackedLabels="false" type="column" width="400"><properties><property name="caption" value=""/><property name="numberOfElementsInRow" value="1"/><property name="height" value="450"/><property name="automaticHeight" value="0"/><property name="xAxis" value="true"/><property name="yAxis" value="true"/><property name="xAxisTitle" value="true"/><property name="yAxisTitle" value="true"/></properties><binding><row datatype="string" field="A_04_CASE_BIN.case_bin.bucket" function="dimension" label="Bucket"><format type="0"/></row><measure aggregation="sum" datatype="integer" field="A_04_CASE_BIN.case_bin.Case_Number" function="measure" label="Case Number" runningTotal="false"><format numberFormat="1" seriesType="line"/><properties><property name="format" value="###,###"/></properties></measure></binding><format coloringScheme="0" showLegend="1"/></graph></layout></report>