<?xml version="1.0" encoding="UTF-8"?><report name="A_07_EMP_SALARY Dashboard" schema="" version="" xml:base="dashboards/112_dashboard.xml"><layout><table aggregation="false" autoRefresh="true" fixedColumns="" headers="true" id="fad90933-0107-3765-2a46-09cc2738c9f1" maxRows="" subtotal="false" total="false" transpose="false"><properties><property name="caption" value=""/><property name="numberOfElementsInRow" value="1"/><property name="height" value="450"/><property name="automaticHeight" value="0"/><property name="xAxis" value="true"/><property name="yAxis" value="true"/><property name="xAxisTitle" value="true"/><property name="yAxisTitle" value="true"/></properties><filter><cond dataType="integer" field="A_07_EMP_SALARY.EMP_SALARY.emp_id" field2="A_07_EMP_SALARY.EMP_SALARY.as_of_date" function="dimension" label="Emp Id" label2="As Of Date" op="LAST_VERSION"/></filter><binding><measure aggregation="sum" datatype="integer" field="A_07_EMP_SALARY.EMP_SALARY.emp_id" function="dimension" label="Emp Id" runningTotal="false"><format numberFormat="1" seriesType="line"/><properties><property name="format" value="###,###"/></properties></measure><measure aggregation="count" datatype="string" field="A_07_EMP_SALARY.EMP_SALARY.name" function="dimension" label="Name" runningTotal="false"><format numberFormat="6" seriesType="line"/><properties><property name="format" value="0.##"/></properties></measure><measure aggregation="count" datatype="string" field="A_07_EMP_SALARY.EMP_SALARY.department" function="dimension" label="Department" runningTotal="false"><format numberFormat="6" seriesType="line"/><properties><property name="format" value="0.##"/></properties></measure><measure aggregation="count" datatype="string" field="A_07_EMP_SALARY.EMP_SALARY.as_of_date" function="dimension" label="As Of Date" runningTotal="false"><format numberFormat="6" seriesType="line"/><properties><property name="format" value="0.##"/></properties></measure><measure aggregation="sum" datatype="integer" field="A_07_EMP_SALARY.EMP_SALARY.salary" function="measure" label="Salary" runningTotal="false"><format numberFormat="1" seriesType="line"/><properties><property name="format" value="###,###"/></properties></measure></binding><format coloringScheme="0" showLegend="1"/></table></layout></report>