<?xml version="1.0" encoding="UTF-8"?><tenant enabld="true" exportTime="Wed Sep 14 18:01:17 PDT 2016" load-mode="start" name="demo" partial="true" path="/Users/ilyasreyhanoglu/IncortaAnalytics/tenants/Demo" version="1.0"><description><![CDATA[sample tenant]]></description><configurations/><security><roles/><groups/><users/></security><data-package><data-files/><data-sources/><schemas/><session-variables/></data-package><catalog><folder id="104" name="Interns" owner-id="103" parent="101"><folder id="121" name="Dashboard Runtime Filters" owner-id="103" parent="104"><folder id="127" name="Pivot" owner-id="103" parent="121"><folder id="128" name="Date" owner-id="103" parent="127"><dashboard guid="1839fb57-57a7-4855-8c36-bb4ba573844b" id="295" name="(Pivot)Date Not Null" owner-id="103" parent="128"><data xmlns:xi="http://www.w3.org/2001/XInclude"><xi:include href="dashboards/295_dashboard.xml" parse="xml"/></data></dashboard></folder></folder></folder></folder></catalog></tenant>