<?xml version="1.0" encoding="UTF-8"?><tenant enabld="true" exportTime="Thu Sep 01 23:30:32 PDT 2016" load-mode="start" name="demo" partial="true" path="/incorta_v21/tenants/demo" version="1.0"><description/><configurations/><security><roles/><groups/><users/></security><data-package><data-files/><data-sources/><schemas/><session-variables/></data-package><catalog><folder id="900" name="Interns" owner-id="3110" parent="340"><folder id="976" name="Filtered Measures" owner-id="3110" parent="900"><folder id="977" name="Aggregated" owner-id="3110" parent="976"><folder id="983" name="String" owner-id="3110" parent="977"><dashboard guid="b51c2a51-32a8-4cbe-a6dd-894b36ced322" id="3545" name="(Aggregated)String =" owner-id="3110" parent="983"><data xmlns:xi="http://www.w3.org/2001/XInclude"><xi:include href="dashboards/3545_dashboard.xml" parse="xml"/></data><bookmark dashboard-id="3545" is-default="false" name="String =" owner-id="3110" owner-login-name="super@incorta.com"><filters><![CDATA[<prompts><dimPrompt field='SALES_MySQL4.customers.COUNTY' label='County' dataType='string' op='='><defaultValue value='Ada County'></defaultValue></dimPrompt></prompts>]]></filters></bookmark></dashboard></folder></folder></folder></folder></catalog></tenant>