<?xml version="1.0" encoding="UTF-8"?><tenant enabld="true" exportTime="Wed Sep 14 18:01:55 PDT 2016" load-mode="start" name="demo" partial="true" path="/Users/ilyasreyhanoglu/IncortaAnalytics/tenants/Demo" version="1.0"><description><![CDATA[sample tenant]]></description><configurations/><security><roles/><groups/><users/></security><data-package><data-files/><data-sources/><schemas/><session-variables/></data-package><catalog><folder id="104" name="Interns" owner-id="103" parent="101"><folder id="137" name="Filtered Measures" owner-id="103" parent="104"><folder id="143" name="Pivot" owner-id="103" parent="137"><folder id="145" name="Double" owner-id="103" parent="143"><dashboard guid="53e89457-5180-46b3-99b9-97f0a9168c1e" id="435" name="(Pivot)Double &lt;" owner-id="103" parent="145"><data xmlns:xi="http://www.w3.org/2001/XInclude"><xi:include href="dashboards/435_dashboard.xml" parse="xml"/></data></dashboard></folder></folder></folder></folder></catalog></tenant>