<?xml version="1.0" encoding="UTF-8"?><tenant enabld="true" exportTime="Thu Aug 04 17:09:33 PDT 2016" load-mode="start" name="super" partial="false" path="/Users/Bashir_Khan/IncortaAnalytics/tenants/super" version="1.0"><description><![CDATA[sample tenant]]></description><configurations><configuration key="I18nCountry"><value><![CDATA[US]]></value></configuration><configuration key="I18nLanguage"><value><![CDATA[en]]></value></configuration><configuration key="I18nTextDirection"><value><![CDATA[ltr]]></value></configuration><configuration key="auth.forgot.password"><value><![CDATA[super]]></value></configuration><configuration key="auth.forgot.password.email"><value><![CDATA[super@incorta.com]]></value></configuration><configuration key="debug"><value><![CDATA[false]]></value></configuration><configuration key="forgot.password.email.message"><value><![CDATA[Dear User,<br><br>You recently requested a password reset.<br>Kindly, use the temporary password below to login, a password change will be mandatory after your first login.<br><br>]]></value></configuration><configuration key="forgot.password.email.message2"><value><![CDATA[Dear %s,<br><br>We have received a request to reset your Incorta password.<br><br>If you would like to proceed with resetting your password, please use this link within the next 24 hours:<br><br>%s<br><br>If you did not initiate this request, just ignore this email. Someone may have tried to reset your password on your behalf but rest assured, your account has not been compropised.<br><br>Thanks for using <b>Incorta</b>!<br><font color ="black"><b>Incorta Analytics</b></font>]]></value></configuration><configuration key="forgot.password.email.signature"><value><![CDATA[<br><br>Thanks for using <b>Incorta</b>!<br><font color ="black"><b>Incorta Analytics</b></font>]]></value></configuration><configuration key="forgot.password.email.subject"><value><![CDATA[Incorta Password Request Change]]></value></configuration><configuration key="mail.smtp.auth"><value><![CDATA[true]]></value></configuration><configuration key="mail.smtp.host"><value><![CDATA[smtp.gmail.com]]></value></configuration><configuration key="mail.smtp.port"><value><![CDATA[465]]></value></configuration><configuration key="mail.smtp.socketFactory.class"><value><![CDATA[javax.net.ssl.SSLSocketFactory]]></value></configuration><configuration key="mail.smtp.socketFactory.port"><value><![CDATA[465]]></value></configuration><configuration key="notification.email.enabled"><value><![CDATA[0]]></value></configuration><configuration key="notification.email.subject"><value><![CDATA[Sharing Notification]]></value></configuration><configuration key="sso-login-enable"><value><![CDATA[false]]></value></configuration></configurations><security><roles><role creator-id="200" id="203" name="Analyze User"><description><![CDATA[Manage Folders, Dashboards and Access to Analyzer screen. Can view only schemas.]]></description><permissions><permission creator-id="200" permission="1" subject-type="23"/><permission creator-id="200" permission="15" subject-type="17"/></permissions></role><role creator-id="200" id="202" name="Schema Manager"><description><![CDATA[Manages Schemas, Datasources and Data Files. Run ETL. Creates and modifies session variables.]]></description><permissions><permission creator-id="200" permission="15" subject-type="23"/><permission creator-id="200" permission="15" subject-type="19"/></permissions></role><role creator-id="200" id="200" name="SuperRole"><description><![CDATA[Role for super users , who can do any administration actions]]></description><permissions><permission creator-id="200" permission="15" subject-type="13"/><permission creator-id="200" permission="15" subject-type="17"/><permission creator-id="200" permission="15" subject-type="23"/><permission creator-id="200" permission="15" subject-type="19"/></permissions></role><role creator-id="200" id="204" name="User"><description><![CDATA[Can view folders and dashboards shared with them. No Analyze button in the Viewer in any reports, regardless of sharing privileges.]]></description><permissions><permission creator-id="200" permission="1" subject-type="17"/></permissions></role><role creator-id="200" id="201" name="User Manager"><description><![CDATA[Manages Users and Groups.Assigns roles to any of the two.]]></description><permissions><permission creator-id="200" permission="15" subject-type="13"/></permissions></role></roles><groups/><users><user calendar="gorgonian" country="USA" creator-id="200" email="super@incorta.com" id="200" invalidated-password="false" isSuperUser="true" lang="english" locale="en_us" login-name="super" name="Super User" timezone="utc-8"><password value="de657104b6eb8315cc57627ab2634ee608148561886c6b4d39ab469e37db7226"/><profile/><roles><role id="200"/></roles><groups/><permissions/></user></users></security><data-package><data-files><data-file id="103" location="/Users/Bashir_Khan/IncortaAnalytics/tenants/super/data/01_Date_US_v4.csv" name="01_Date_US_v4.csv" owner-id="200"/><data-file id="100" location="/Users/Bashir_Khan/IncortaAnalytics/tenants/super/data/01_agent.csv" name="01_agent.csv" owner-id="200"/><data-file id="101" location="/Users/Bashir_Khan/IncortaAnalytics/tenants/super/data/01_case.csv" name="01_case.csv" owner-id="200"/><data-file id="102" location="/Users/Bashir_Khan/IncortaAnalytics/tenants/super/data/01_customer.csv" name="01_customer.csv" owner-id="200"/><data-file id="104" location="/Users/Bashir_Khan/IncortaAnalytics/tenants/super/data/03_case_working_days.csv" name="03_case_working_days.csv" owner-id="200"/><data-file id="105" location="/Users/Bashir_Khan/IncortaAnalytics/tenants/super/data/04_case_bin.csv" name="04_case_bin.csv" owner-id="200"/><data-file id="106" location="/Users/Bashir_Khan/IncortaAnalytics/tenants/super/data/06_employee_hierarchy.csv" name="06_employee_hierarchy.csv" owner-id="200"/><data-file id="107" location="/Users/Bashir_Khan/IncortaAnalytics/tenants/super/data/07_emp_salary_last_ver.csv" name="07_emp_salary_last_ver.csv" owner-id="200"/><data-file id="109" location="/Users/Bashir_Khan/IncortaAnalytics/tenants/super/data/Date_US_v4.csv" name="Date_US_v4.csv" owner-id="200"/><data-file id="108" location="/Users/Bashir_Khan/IncortaAnalytics/tenants/super/data/audit.csv" name="audit.csv" owner-id="200"/></data-files><data-sources><data-source id="100" name="Sales" owner-id="200"><data xmlns:xi="http://www.w3.org/2001/XInclude"><xi:include href="datasources/100_datasource.xml" parse="xml"/></data></data-source></data-sources><schemas><schema-definition description="" id="101" name="A_01_CASE" owner-id="200" type="0"><schema-data xmlns:xi="http://www.w3.org/2001/XInclude"><xi:include href="schemas/101_schema.xml" parse="xml"/></schema-data><loader-data xmlns:xi="http://www.w3.org/2001/XInclude"><xi:include href="schemas/101_loader.xml" parse="xml"/></loader-data></schema-definition><schema-definition description="" id="104" name="A_03_NET_WORKING_DAYS" owner-id="200" type="0"><schema-data xmlns:xi="http://www.w3.org/2001/XInclude"><xi:include href="schemas/104_schema.xml" parse="xml"/></schema-data><loader-data xmlns:xi="http://www.w3.org/2001/XInclude"><xi:include href="schemas/104_loader.xml" parse="xml"/></loader-data></schema-definition><schema-definition description="" id="100" name="A_04_CASE_BIN" owner-id="200" type="0"><schema-data xmlns:xi="http://www.w3.org/2001/XInclude"><xi:include href="schemas/100_schema.xml" parse="xml"/></schema-data><loader-data xmlns:xi="http://www.w3.org/2001/XInclude"><xi:include href="schemas/100_loader.xml" parse="xml"/></loader-data></schema-definition><schema-definition description="" id="102" name="A_06_HIERARCHY" owner-id="200" type="0"><schema-data xmlns:xi="http://www.w3.org/2001/XInclude"><xi:include href="schemas/102_schema.xml" parse="xml"/></schema-data><loader-data xmlns:xi="http://www.w3.org/2001/XInclude"><xi:include href="schemas/102_loader.xml" parse="xml"/></loader-data></schema-definition><schema-definition description="" id="103" name="A_07_EMP_SALARY" owner-id="200" type="0"><schema-data xmlns:xi="http://www.w3.org/2001/XInclude"><xi:include href="schemas/103_schema.xml" parse="xml"/></schema-data><loader-data xmlns:xi="http://www.w3.org/2001/XInclude"><xi:include href="schemas/103_loader.xml" parse="xml"/></loader-data></schema-definition><schema-definition description="" id="105" name="Sales" owner-id="200" type="0"><schema-data xmlns:xi="http://www.w3.org/2001/XInclude"><xi:include href="schemas/105_schema.xml" parse="xml"/></schema-data><loader-data xmlns:xi="http://www.w3.org/2001/XInclude"><xi:include href="schemas/105_loader.xml" parse="xml"/></loader-data></schema-definition></schemas><session-variables/></data-package><catalog><dashboard guid="98e77650-bd45-45dd-b577-b447a781f8c0" id="100" name="A_04_CASE_BIN Dashboard-1" owner-id="200" parent="200"><data xmlns:xi="http://www.w3.org/2001/XInclude"><xi:include href="dashboards/100_dashboard.xml" parse="xml"/></data></dashboard><dashboard guid="c5f6e7db-aa7c-478e-b742-e5f27a58bb0a" id="101" name="A_04_CASE_BIN Dashboard-2" owner-id="200" parent="200"><data xmlns:xi="http://www.w3.org/2001/XInclude"><xi:include href="dashboards/101_dashboard.xml" parse="xml"/></data></dashboard><dashboard guid="dcd5b52f-182b-46ba-9a92-2d4fce8e8844" id="102" name="A_01_CASE Dashboard" owner-id="200" parent="200"><data xmlns:xi="http://www.w3.org/2001/XInclude"><xi:include href="dashboards/102_dashboard.xml" parse="xml"/></data></dashboard><dashboard guid="a628c9c8-ae7f-4b9b-9b90-3f0134d1ed25" id="103" name="A_06_HIERARCHY Dashboard" owner-id="200" parent="200"><data xmlns:xi="http://www.w3.org/2001/XInclude"><xi:include href="dashboards/103_dashboard.xml" parse="xml"/></data></dashboard><dashboard guid="f9528d83-dd13-4c32-a655-f15ef248ccfd" id="104" name="A_07_EMP_SALARY Dashboard" owner-id="200" parent="200"><data xmlns:xi="http://www.w3.org/2001/XInclude"><xi:include href="dashboards/104_dashboard.xml" parse="xml"/></data></dashboard><dashboard guid="a89d0ac7-0f31-4c88-935c-33bf46b06603" id="105" name="A_03_NET_WORKING_DAYS Dashboard" owner-id="200" parent="200"><data xmlns:xi="http://www.w3.org/2001/XInclude"><xi:include href="dashboards/105_dashboard.xml" parse="xml"/></data></dashboard><dashboard guid="63f9edf3-cc26-4e3a-8971-a6e2dbcff09f" id="106" name="Sales Dashboard" owner-id="200" parent="200"><data xmlns:xi="http://www.w3.org/2001/XInclude"><xi:include href="dashboards/106_dashboard.xml" parse="xml"/></data></dashboard></catalog></tenant>