<?xml version="1.0" encoding="UTF-8"?><tenant enabld="true" exportTime="Fri Sep 09 11:33:52 PDT 2016" load-mode="start" name="demo" partial="true" path="/Users/ilyasreyhanoglu/IncortaAnalytics/tenants/Demo" version="1.0"><description><![CDATA[sample tenant]]></description><configurations/><security><roles/><groups/><users/></security><data-package><data-files/><data-sources/><schemas/><session-variables/></data-package><catalog><folder id="104" name="Interns" owner-id="103" parent="101"><folder id="244" name="Filtered Measures" owner-id="103" parent="104"><folder id="250" name="Pivot" owner-id="103" parent="244"><folder id="252" name="Double" owner-id="103" parent="250"><dashboard guid="5ef1745d-c85c-49e1-adb5-8a38db24f703" id="1346" name="(Pivot)Double In" owner-id="103" parent="252"><data xmlns:xi="http://www.w3.org/2001/XInclude"><xi:include href="dashboards/1346_dashboard.xml" parse="xml"/></data></dashboard></folder></folder></folder></folder></catalog></tenant>