<?xml version="1.0" encoding="UTF-8"?><tenant enabld="true" exportTime="Wed Jun 29 14:23:00 PDT 2016" load-mode="start" name="demo" partial="true" path="/Users/ilyasreyhanoglu/Incorta Analytics/tenants/Demo" version="1.0"><description><![CDATA[sample tenant]]></description><configurations/><security><roles/><groups/><users/></security><data-package><data-files/><data-sources/><schemas/><session-variables/></data-package><catalog><dashboard guid="dcd5b52f-182b-46ba-9a92-2d4fce8e8844" id="107" name="A_01_CASE Dashboard" owner-id="102" parent="100"><data xmlns:xi="http://www.w3.org/2001/XInclude"><xi:include href="dashboards/107_dashboard.xml" parse="xml"/></data></dashboard></catalog></tenant>