<?xml version="1.0" encoding="UTF-8"?><tenant enabld="true" exportTime="Thu Sep 08 15:30:10 PDT 2016" load-mode="start" name="demo" partial="true" path="/Users/ilyasreyhanoglu/IncortaAnalytics/tenants/Demo" version="1.0"><description><![CDATA[sample tenant]]></description><configurations/><security><roles/><groups/><users/></security><data-package><data-files/><data-sources/><schemas/><session-variables/></data-package><catalog><folder id="104" name="Interns" owner-id="103" parent="101"><folder id="164" name="Dashboard Runtime Filters" owner-id="103" parent="104"><folder id="170" name="Pivot" owner-id="103" parent="164"><folder id="174" name="String" owner-id="103" parent="170"><dashboard guid="6a55069b-b6b7-4eea-9a93-e24c6fc2cdba" id="693" name="(Pivot)String &gt;=" owner-id="103" parent="174"><data xmlns:xi="http://www.w3.org/2001/XInclude"><xi:include href="dashboards/693_dashboard.xml" parse="xml"/></data></dashboard></folder></folder></folder></folder></catalog></tenant>