<?xml version="1.0" encoding="UTF-8"?><tenant enabld="true" exportTime="Tue Jul 12 11:33:35 PDT 2016" load-mode="start" name="demo" partial="true" path="/Users/ilyasreyhanoglu/Incorta Analytics/tenants/Demo" version="1.0"><description><![CDATA[sample tenant]]></description><configurations/><security><roles/><groups/><users/></security><data-package><data-files/><data-sources/><schemas><schema-definition description="" id="142" name="Sales" owner-id="102" type="0"><schema-data xmlns:xi="http://www.w3.org/2001/XInclude"><xi:include href="schemas/142_schema.xml" parse="xml"/></schema-data><loader-data xmlns:xi="http://www.w3.org/2001/XInclude"><xi:include href="schemas/142_loader.xml" parse="xml"/></loader-data></schema-definition></schemas><session-variables/></data-package><catalog/></tenant>