<?xml version="1.0" encoding="UTF-8"?><schema loader="A_07_EMP_SALARY" name="A_07_EMP_SALARY" version="1.0" xml:base="schemas/121_schema.xml"><tables><table alias="false" name="EMP_SALARY" source="07_emp_salary_last_ver.csv" type="default"><column function="dimension" hide="false" label="Emp Id" name="emp_id" type="integer"/><column function="dimension" hide="false" label="Manager Id" name="manager_id" type="integer"/><column function="dimension" hide="false" label="Name" name="name" type="string"/><column function="dimension" hide="false" label="Department" name="department" type="string"/><column function="measure" hide="false" label="Salary" name="salary" type="integer"/><column function="dimension" hide="false" label="As Of Date" name="as_of_date" type="string"/></table></tables></schema>