<?xml version="1.0" encoding="UTF-8"?><tenant enabld="true" exportTime="Thu Sep 08 15:30:06 PDT 2016" load-mode="start" name="demo" partial="true" path="/Users/ilyasreyhanoglu/IncortaAnalytics/tenants/Demo" version="1.0"><description><![CDATA[sample tenant]]></description><configurations/><security><roles/><groups/><users/></security><data-package><data-files/><data-sources/><schemas/><session-variables/></data-package><catalog><folder id="104" name="Interns" owner-id="103" parent="101"><folder id="164" name="Dashboard Runtime Filters" owner-id="103" parent="104"><folder id="165" name="Aggregated" owner-id="103" parent="164"><folder id="168" name="Int" owner-id="103" parent="165"><dashboard guid="02b9c0dc-8117-48fe-b7ef-a024f6fffba1" id="637" name="(Aggregated)Int IsDescendant" owner-id="103" parent="168"><data xmlns:xi="http://www.w3.org/2001/XInclude"><xi:include href="dashboards/637_dashboard.xml" parse="xml"/></data></dashboard></folder></folder></folder></folder></catalog></tenant>