<?xml version="1.0" encoding="UTF-8"?><report name="(Simple)String Not Null" version="" schema=""><layout><table id="4e4080ba-1adb-df32-3dcf-9ed45fafd088" maxRows="0" autoRefresh="true" transpose="false" headers="true" fixedColumns="" aggregation="false" total="false" subtotal="false"><properties><property name="caption" value=""/><property name="numberOfElementsInRow" value="1"/><property name="height" value="450"/><property name="automaticHeight" value="0"/><property name="xAxis" value="true"/><property name="yAxis" value="true"/><property name="xAxisTitle" value="true"/><property name="yAxisTitle" value="true"/></properties><filter><cond label='County' dataType='string' function='dimension' op='IS_NOT_NULL' field='SALES_MySQL4.customers.COUNTY'><value/></cond></filter><binding><row field="SALES_MySQL4.sales.CALENDAR_MONTH_NUMBER" label="Months" datatype= "integer"  function= "dimension" ><format type="0"></format></row><row field="SALES_MySQL4.sales.CALENDAR_YEAR" label="Year" datatype= "integer"  function= "dimension" ><format type="0"></format></row><measure field="SALES_MySQL4.customers.COUNTY" label="County" aggregation="none" runningTotal="false" function= "dimension"  datatype= "string" ><format numberFormat = "6" seriesType = "line" ></format><properties><property name="format" value="0.##"/></properties></measure><measure field="SALES_MySQL4.sales.AMOUNT_SOLD" label="Revenue" aggregation="sum" runningTotal="false" function= "measure"  datatype= "integer" ><format numberFormat = "2" seriesType = "line" ></format><properties><property name="format" value="$###,##0.00"/></properties></measure><measure field="SALES_MySQL4.sales.COST_OF_GOODS" label="Cost" aggregation="sum" runningTotal="false" function= "measure"  datatype= "double" ><format numberFormat = "2" seriesType = "line" ></format><properties><property name="format" value="$###,##0.00"/></properties></measure></binding><format coloringScheme="0" showLegend="1"/></table></layout></report>