<?xml version="1.0" encoding="UTF-8"?><tenant enabld="true" exportTime="Thu Sep 08 15:30:08 PDT 2016" load-mode="start" name="demo" partial="true" path="/Users/ilyasreyhanoglu/IncortaAnalytics/tenants/Demo" version="1.0"><description><![CDATA[sample tenant]]></description><configurations/><security><roles/><groups/><users/></security><data-package><data-files/><data-sources/><schemas/><session-variables/></data-package><catalog><folder id="104" name="Interns" owner-id="103" parent="101"><folder id="164" name="Dashboard Runtime Filters" owner-id="103" parent="104"><folder id="175" name="Simple" owner-id="103" parent="164"><folder id="178" name="Int" owner-id="103" parent="175"><dashboard guid="3fce9297-25fd-4f11-83d0-ceac4bf7a37e" id="733" name="(Simple)Int Not Null" owner-id="103" parent="178"><data xmlns:xi="http://www.w3.org/2001/XInclude"><xi:include href="dashboards/733_dashboard.xml" parse="xml"/></data></dashboard></folder></folder></folder></folder></catalog></tenant>