<?xml version="1.0" encoding="UTF-8"?><tenant enabld="true" exportTime="Thu Sep 15 07:56:57 PDT 2016" load-mode="start" name="demo" partial="true" path="/Users/ilyasreyhanoglu/IncortaAnalytics/tenants/Demo" version="1.0"><description><![CDATA[sample tenant]]></description><configurations/><security><roles/><groups/><users/></security><data-package><data-files/><data-sources/><schemas/><session-variables/></data-package><catalog><folder id="164" name="Interns" owner-id="103" parent="101"><folder id="213" name="Filtered Measures" owner-id="103" parent="164"><folder id="214" name="Aggregated" owner-id="103" parent="213"><folder id="215" name="Date" owner-id="103" parent="214"><dashboard guid="d3c90adf-37ed-4ca3-b05c-31c99b721b6d" id="1023" name="FM(Aggregated)Date Null" owner-id="103" parent="215"><data xmlns:xi="http://www.w3.org/2001/XInclude"><xi:include href="dashboards/1023_dashboard.xml" parse="xml"/></data></dashboard></folder></folder></folder></folder></catalog></tenant>