<?xml version="1.0" encoding="UTF-8"?><tenant enabld="true" exportTime="Tue Jul 12 11:32:28 PDT 2016" load-mode="start" name="demo" partial="true" path="/Users/ilyasreyhanoglu/Incorta Analytics/tenants/Demo" version="1.0"><description><![CDATA[sample tenant]]></description><configurations/><security><roles/><groups/><users/></security><data-package><data-files/><data-sources><data-source id="9" name="Sales" owner-id="102"><data xmlns:xi="http://www.w3.org/2001/XInclude"><xi:include href="datasources/9_datasource.xml" parse="xml"/></data></data-source></data-sources><schemas/><session-variables/></data-package><catalog/></tenant>