<?xml version="1.0" encoding="UTF-8"?><tenant enabld="true" exportTime="Thu Sep 15 08:30:14 PDT 2016" load-mode="start" name="demo" partial="true" path="/incorta_v21/tenants/demo" version="1.0"><description/><configurations/><security><roles/><groups/><users/></security><data-package><data-files/><data-sources/><schemas/><session-variables/></data-package><catalog><folder id="900" name="Interns" owner-id="3110" parent="340"><folder id="941" name="Insight Filters" owner-id="3110" parent="900"><folder id="901" name="Aggregated" owner-id="3110" parent="941"><folder id="908" name="Date" owner-id="3110" parent="901"><dashboard guid="a4e207bd-7f2f-41f0-bb80-193d70fccde1" id="3013" name="(Aggregated)Date =" owner-id="3110" parent="908"><data xmlns:xi="http://www.w3.org/2001/XInclude"><xi:include href="dashboards/3013_dashboard.xml" parse="xml"/></data></dashboard></folder></folder></folder></folder></catalog></tenant>