<?xml version="1.0" encoding="UTF-8"?><tenant enabld="true" exportTime="Thu Sep 01 23:17:05 PDT 2016" load-mode="start" name="demo" partial="true" path="/incorta_v21/tenants/demo" version="1.0"><description/><configurations/><security><roles/><groups/><users/></security><data-package><data-files/><data-sources/><schemas/><session-variables/></data-package><catalog><folder id="900" name="Interns" owner-id="3110" parent="340"><folder id="941" name="Insight Filters" owner-id="3110" parent="900"><folder id="905" name="Pivot" owner-id="3110" parent="941"><folder id="916" name="String" owner-id="3110" parent="905"><dashboard guid="e83393b2-0967-43d0-83c9-95bbf748db55" id="3232" name="(Pivot)String !=" owner-id="3110" parent="916"><data xmlns:xi="http://www.w3.org/2001/XInclude"><xi:include href="dashboards/3232_dashboard.xml" parse="xml"/></data></dashboard></folder></folder></folder></folder></catalog></tenant>