<?xml version="1.0" encoding="UTF-8"?><report name="(Aggregated)Date Null" version="" schema=""><layout><table id="4e4080ba-1adb-df32-3dcf-9ed45fafd088" maxRows="0" autoRefresh="true" transpose="false" headers="true" fixedColumns="" aggregation="true" total="false" subtotal="false"><properties><property name="caption" value=""/><property name="numberOfElementsInRow" value="1"/><property name="height" value="450"/><property name="automaticHeight" value="0"/><property name="xAxis" value="true"/><property name="yAxis" value="true"/><property name="xAxisTitle" value="true"/><property name="yAxisTitle" value="true"/></properties><binding><row field="SALES_MySQL4.customers.COUNTY" label="County" datatype= "string"  function= "dimension" ><format type="0"></format></row><measure field="SALES_MySQL4.sales.COST_OF_GOODS" label="Cost based on Date" aggregation="sum" runningTotal="false" function= "measure"  datatype= "double" ><filter><cond label='Time Id' dataType='date' function='dimension' op='IS_NULL' field='SALES_MySQL4.sales.TIME_ID'><value/></cond></filter><format numberFormat = "2" seriesType = "line" ></format><properties><property name="format" value="$###,##0.00"/></properties></measure><measure field="SALES_MySQL4.sales.COST_OF_GOODS" label="Cost" aggregation="sum" runningTotal="false" function= "measure"  datatype= "double" ><format numberFormat = "2" seriesType = "line" ></format><properties><property name="format" value="$###,##0.00"/></properties></measure></binding><format coloringScheme="0" showLegend="1"/></table></layout></report>