<?xml version="1.0" encoding="UTF-8"?><tenant enabld="true" exportTime="Thu Sep 01 23:13:20 PDT 2016" load-mode="start" name="demo" partial="true" path="/incorta_v21/tenants/demo" version="1.0"><description/><configurations/><security><roles/><groups/><users/></security><data-package><data-files/><data-sources/><schemas/><session-variables/></data-package><catalog><folder id="900" name="Interns" owner-id="3110" parent="340"><folder id="960" name="Dashboard Runtime Filters" owner-id="3110" parent="900"><folder id="962" name="Simple" owner-id="3110" parent="960"><folder id="972" name="String" owner-id="3110" parent="962"><dashboard guid="0950ae18-8877-4ec9-b663-82acf947dfbe" id="3463" name="(Simple)String In" owner-id="3110" parent="972"><data xmlns:xi="http://www.w3.org/2001/XInclude"><xi:include href="dashboards/3463_dashboard.xml" parse="xml"/></data><bookmark dashboard-id="3463" is-default="false" name="String =" owner-id="3110" owner-login-name="super@incorta.com"><filters><![CDATA[<prompts><dimPrompt field='SALES_MySQL4.customers.COUNTY' label='County' dataType='string' op='='><defaultValue value='Ada County'></defaultValue></dimPrompt></prompts>]]></filters></bookmark></dashboard></folder></folder></folder></folder></catalog></tenant>