<?xml version="1.0" encoding="UTF-8"?><tenant enabld="true" exportTime="Wed Sep 14 18:01:31 PDT 2016" load-mode="start" name="demo" partial="true" path="/Users/ilyasreyhanoglu/IncortaAnalytics/tenants/Demo" version="1.0"><description><![CDATA[sample tenant]]></description><configurations/><security><roles/><groups/><users/></security><data-package><data-files/><data-sources/><schemas/><session-variables/></data-package><catalog><folder id="104" name="Interns" owner-id="103" parent="101"><folder id="148" name="Insight Filters" owner-id="103" parent="104"><folder id="159" name="Simple" owner-id="103" parent="148"><folder id="161" name="Double" owner-id="103" parent="159"><dashboard guid="53e2a333-846e-4490-8508-f09af5339e5a" id="573" name="(Simple)Double Not In" owner-id="103" parent="161"><data xmlns:xi="http://www.w3.org/2001/XInclude"><xi:include href="dashboards/573_dashboard.xml" parse="xml"/></data></dashboard></folder></folder></folder></folder></catalog></tenant>