<?xml version="1.0" encoding="UTF-8"?><report name="(Pivot)String &gt;" version="" schema=""><layout><pivot id="4e4080ba-1adb-df32-3dcf-9ed45fafd088" maxRows="0" autoRefresh="true"><properties><property name="caption" value=""/><property name="numberOfElementsInRow" value="1"/><property name="height" value="450"/><property name="automaticHeight" value="0"/><property name="xAxis" value="true"/><property name="yAxis" value="true"/><property name="xAxisTitle" value="true"/><property name="yAxisTitle" value="true"/><property name="row_total" value="true"/><property name="col_total" value="false"/><property name="col_total_only" value="false"/><property name="row_total_pos" value="0"/><property name="col_total_pos" value="0"/></properties><binding><column field="SALES_MySQL4.sales.CALENDAR_QUARTER_NUMBER" label="Quarter" function= "dimension" ></column><row field="SALES_MySQL4.customers.CUST_STATE_PROVINCE" label="State/Province" datatype= "string"  function= "dimension" ><format type="0"></format></row><measure field="SALES_MySQL4.sales.COST_OF_GOODS" label="Cost based on State" aggregation="sum" runningTotal="false" function= "measure"  datatype= "double" ><filter><cond label='State&#x2F;Province' dataType='string' function='dimension' op='&gt;' field='SALES_MySQL4.customers.CUST_STATE_PROVINCE'><value>WA</value></cond></filter><format numberFormat = "2" seriesType = "line" ></format><properties><property name="format" value="$###,##0.00"/></properties></measure><measure field="SALES_MySQL4.sales.COST_OF_GOODS" label="Cost" aggregation="sum" runningTotal="false" function= "measure"  datatype= "double" ><format numberFormat = "2" seriesType = "line" ></format><properties><property name="format" value="$###,##0.00"/></properties></measure></binding><format coloringScheme="0" showLegend="1"/></pivot></layout></report>