<?xml version="1.0" encoding="UTF-8"?><tenant enabld="true" exportTime="Wed Sep 14 18:01:32 PDT 2016" load-mode="start" name="demo" partial="true" path="/Users/ilyasreyhanoglu/IncortaAnalytics/tenants/Demo" version="1.0"><description><![CDATA[sample tenant]]></description><configurations/><security><roles/><groups/><users/></security><data-package><data-files/><data-sources/><schemas/><session-variables/></data-package><catalog><folder id="104" name="Interns" owner-id="103" parent="101"><folder id="148" name="Insight Filters" owner-id="103" parent="104"><folder id="154" name="Pivot" owner-id="103" parent="148"><folder id="156" name="Double" owner-id="103" parent="154"><dashboard guid="fd3c7151-446b-4cf1-8f6f-e2fc7d72fabb" id="531" name="(Pivot)Double Null" owner-id="103" parent="156"><data xmlns:xi="http://www.w3.org/2001/XInclude"><xi:include href="dashboards/531_dashboard.xml" parse="xml"/></data></dashboard></folder></folder></folder></folder></catalog></tenant>