<?xml version="1.0" encoding="UTF-8"?><tenant enabld="true" exportTime="Thu Sep 15 07:56:58 PDT 2016" load-mode="start" name="demo" partial="true" path="/Users/ilyasreyhanoglu/IncortaAnalytics/tenants/Demo" version="1.0"><description><![CDATA[sample tenant]]></description><configurations/><security><roles/><groups/><users/></security><data-package><data-files/><data-sources/><schemas/><session-variables/></data-package><catalog><folder id="164" name="Interns" owner-id="103" parent="101"><folder id="213" name="Filtered Measures" owner-id="103" parent="164"><folder id="219" name="Pivot" owner-id="103" parent="213"><folder id="221" name="Double" owner-id="103" parent="219"><dashboard guid="a43066da-8788-45b9-a75f-90a8553555a8" id="1068" name="FM(Pivot)Double !=" owner-id="103" parent="221"><data xmlns:xi="http://www.w3.org/2001/XInclude"><xi:include href="dashboards/1068_dashboard.xml" parse="xml"/></data></dashboard></folder></folder></folder></folder></catalog></tenant>