<?xml version="1.0" encoding="UTF-8"?><tenant enabld="true" exportTime="Fri Sep 09 11:04:44 PDT 2016" load-mode="start" name="demo" partial="true" path="/Users/ilyasreyhanoglu/IncortaAnalytics/tenants/Demo" version="1.0"><description><![CDATA[sample tenant]]></description><configurations/><security><roles/><groups/><users/></security><data-package><data-files/><data-sources/><schemas/><session-variables/></data-package><catalog><folder id="104" name="Interns" owner-id="103" parent="101"><folder id="212" name="Dashboard Applied Filters" owner-id="103" parent="104"><folder id="223" name="Simple" owner-id="103" parent="212"><folder id="226" name="Int" owner-id="103" parent="223"><dashboard guid="0289f3e0-5b7d-4ec5-b2a7-b01725190fa8" id="1135" name="(Simple)Int &gt;=" owner-id="103" parent="226"><data xmlns:xi="http://www.w3.org/2001/XInclude"><xi:include href="dashboards/1135_dashboard.xml" parse="xml"/></data></dashboard></folder></folder></folder></folder></catalog></tenant>