<?xml version="1.0" encoding="UTF-8"?><tenant enabld="true" exportTime="Fri Sep 09 11:04:37 PDT 2016" load-mode="start" name="demo" partial="true" path="/Users/ilyasreyhanoglu/IncortaAnalytics/tenants/Demo" version="1.0"><description><![CDATA[sample tenant]]></description><configurations/><security><roles/><groups/><users/></security><data-package><data-files/><data-sources/><schemas/><session-variables/></data-package><catalog><folder id="104" name="Interns" owner-id="103" parent="101"><folder id="212" name="Dashboard Applied Filters" owner-id="103" parent="104"><folder id="213" name="Aggregated" owner-id="103" parent="212"><folder id="214" name="Date" owner-id="103" parent="213"><dashboard guid="a3e0fdc9-b4f3-4e08-b411-8a1547a7413a" id="1031" name="(Aggregated)Date Null" owner-id="103" parent="214"><data xmlns:xi="http://www.w3.org/2001/XInclude"><xi:include href="dashboards/1031_dashboard.xml" parse="xml"/></data></dashboard></folder></folder></folder></folder></catalog></tenant>