<?xml version="1.0" encoding="UTF-8"?><tenant enabld="true" exportTime="Tue Oct 25 17:00:00 PDT 2016" load-mode="start" name="super" partial="true" path="/Users/anahit/stable/tenants/super" version="1.0"><description><![CDATA[sample tenant]]></description><configurations/><security><roles/><groups/><users/></security><data-package><data-files/><data-sources/><schemas/><session-variables/></data-package><catalog><dashboard guid="097c91c7-a55e-494f-981c-428c5182fce9" id="122" name="Date Filters_private_bookmark - Copy" owner-id="101" parent="101"><data xmlns:xi="http://www.w3.org/2001/XInclude"><xi:include href="dashboards/122_dashboard.xml" parse="xml"/></data><bookmark dashboard-id="122" is-default="true" is-incremental-enabled="false" is-public="false" name="FilterNotWorking" owner-id="101" owner-login-name="super"><filters><![CDATA[<prompts><dimPrompt field='SALES_MySQL4.sales.TIME_ID' label='Time Id' dataType='date' op='NOT_IN'><defaultValue value='2014-01-11 00:00:00.000'></defaultValue></dimPrompt></prompts>]]></filters></bookmark></dashboard></catalog></tenant>