<?xml version="1.0" encoding="UTF-8"?><tenant enabld="true" exportTime="Wed Sep 14 18:01:44 PDT 2016" load-mode="start" name="demo" partial="true" path="/Users/ilyasreyhanoglu/IncortaAnalytics/tenants/Demo" version="1.0"><description><![CDATA[sample tenant]]></description><configurations/><security><roles/><groups/><users/></security><data-package><data-files/><data-sources/><schemas/><session-variables/></data-package><catalog><folder id="104" name="Interns" owner-id="103" parent="101"><folder id="121" name="Dashboard Runtime Filters" owner-id="103" parent="104"><folder id="127" name="Pivot" owner-id="103" parent="121"><folder id="131" name="String" owner-id="103" parent="127"><dashboard guid="36e4afe1-0796-41c5-aea2-b003f7301e21" id="331" name="(Pivot)String Null" owner-id="103" parent="131"><data xmlns:xi="http://www.w3.org/2001/XInclude"><xi:include href="dashboards/331_dashboard.xml" parse="xml"/></data></dashboard></folder></folder></folder></folder></catalog></tenant>