<?xml version="1.0" encoding="UTF-8"?><tenant enabld="true" exportTime="Thu Sep 01 23:12:58 PDT 2016" load-mode="start" name="demo" partial="true" path="/incorta_v21/tenants/demo" version="1.0"><description/><configurations/><security><roles/><groups/><users/></security><data-package><data-files/><data-sources/><schemas/><session-variables/></data-package><catalog><folder id="900" name="Interns" owner-id="3110" parent="340"><folder id="941" name="Insight Filters" owner-id="3110" parent="900"><folder id="905" name="Pivot" owner-id="3110" parent="941"><folder id="913" name="Int" owner-id="3110" parent="905"><dashboard guid="7f3f8ec1-1f58-4f02-805c-efbb57e66bad" id="3221" name="(Pivot)Int &gt;" owner-id="3110" parent="913"><data xmlns:xi="http://www.w3.org/2001/XInclude"><xi:include href="dashboards/3221_dashboard.xml" parse="xml"/></data></dashboard></folder></folder></folder></folder></catalog></tenant>