<?xml version="1.0" encoding="UTF-8"?><tenant enabld="true" exportTime="Thu Sep 15 07:57:03 PDT 2016" load-mode="start" name="demo" partial="true" path="/Users/ilyasreyhanoglu/IncortaAnalytics/tenants/Demo" version="1.0"><description><![CDATA[sample tenant]]></description><configurations/><security><roles/><groups/><users/></security><data-package><data-files/><data-sources><data-source id="100" name="Mysql57" owner-id="103"><data xmlns:xi="http://www.w3.org/2001/XInclude"><xi:include href="datasources/100_datasource.xml" parse="xml"/></data></data-source></data-sources><schemas/><session-variables/></data-package><catalog/></tenant>