<?xml version="1.0" encoding="UTF-8"?><tenant enabld="true" exportTime="Thu Sep 15 07:56:24 PDT 2016" load-mode="start" name="demo" partial="true" path="/Users/ilyasreyhanoglu/IncortaAnalytics/tenants/Demo" version="1.0"><description><![CDATA[sample tenant]]></description><configurations/><security><roles/><groups/><users/></security><data-package><data-files/><data-sources/><schemas/><session-variables/></data-package><catalog><folder id="164" name="Interns" owner-id="103" parent="101"><folder id="165" name="Insight Filters" owner-id="103" parent="164"><folder id="171" name="Pivot" owner-id="103" parent="165"><folder id="172" name="Date" owner-id="103" parent="171"><dashboard guid="2a8988a9-060c-4f64-9959-890f2d395be7" id="654" name="(Pivot)Date &lt;" owner-id="103" parent="172"><data xmlns:xi="http://www.w3.org/2001/XInclude"><xi:include href="dashboards/654_dashboard.xml" parse="xml"/></data></dashboard></folder></folder></folder></folder></catalog></tenant>