<?xml version="1.0" encoding="UTF-8"?><tenant enabld="true" exportTime="Thu Sep 01 23:30:08 PDT 2016" load-mode="start" name="demo" partial="true" path="/incorta_v21/tenants/demo" version="1.0"><description/><configurations/><security><roles/><groups/><users/></security><data-package><data-files/><data-sources/><schemas/><session-variables/></data-package><catalog><folder id="900" name="Interns" owner-id="3110" parent="340"><folder id="976" name="Filtered Measures" owner-id="3110" parent="900"><folder id="980" name="Pivot" owner-id="3110" parent="976"><folder id="985" name="Double" owner-id="3110" parent="980"><dashboard guid="c0fdd773-e357-4a6c-a8b5-c25fff445586" id="3615" name="(Pivot)Double Not In" owner-id="3110" parent="985"><data xmlns:xi="http://www.w3.org/2001/XInclude"><xi:include href="dashboards/3615_dashboard.xml" parse="xml"/></data><bookmark dashboard-id="3615" is-default="false" name="String =" owner-id="3110" owner-login-name="super@incorta.com"><filters><![CDATA[<prompts><dimPrompt field='SALES_MySQL4.customers.COUNTY' label='County' dataType='string' op='='><defaultValue value='Ada County'></defaultValue></dimPrompt></prompts>]]></filters></bookmark></dashboard></folder></folder></folder></folder></catalog></tenant>