<?xml version="1.0" encoding="UTF-8"?><tenant enabld="true" exportTime="Fri Sep 09 11:33:56 PDT 2016" load-mode="start" name="demo" partial="true" path="/Users/ilyasreyhanoglu/IncortaAnalytics/tenants/Demo" version="1.0"><description><![CDATA[sample tenant]]></description><configurations/><security><roles/><groups/><users/></security><data-package><data-files/><data-sources/><schemas><schema-definition description="" id="109" name="SALES_MySQL4" owner-id="103" type="0"><schema-data xmlns:xi="http://www.w3.org/2001/XInclude"><xi:include href="schemas/109_schema.xml" parse="xml"/></schema-data><loader-data xmlns:xi="http://www.w3.org/2001/XInclude"><xi:include href="schemas/109_loader.xml" parse="xml"/></loader-data></schema-definition></schemas><session-variables/></data-package><catalog/></tenant>