<?xml version="1.0" encoding="UTF-8"?><tenant enabld="true" exportTime="Wed Sep 14 18:01:25 PDT 2016" load-mode="start" name="demo" partial="true" path="/Users/ilyasreyhanoglu/IncortaAnalytics/tenants/Demo" version="1.0"><description><![CDATA[sample tenant]]></description><configurations/><security><roles/><groups/><users/></security><data-package><data-files/><data-sources/><schemas/><session-variables/></data-package><catalog><folder id="104" name="Interns" owner-id="103" parent="101"><folder id="121" name="Dashboard Runtime Filters" owner-id="103" parent="104"><folder id="127" name="Pivot" owner-id="103" parent="121"><folder id="129" name="Double" owner-id="103" parent="127"><dashboard guid="6a7b763d-5c48-4fbf-b29c-1630c64aba6f" id="297" name="(Pivot)Double !=" owner-id="103" parent="129"><data xmlns:xi="http://www.w3.org/2001/XInclude"><xi:include href="dashboards/297_dashboard.xml" parse="xml"/></data></dashboard></folder></folder></folder></folder></catalog></tenant>