<?xml version="1.0" encoding="UTF-8"?><tenant enabld="true" exportTime="Thu Sep 01 23:16:13 PDT 2016" load-mode="start" name="demo" partial="true" path="/incorta_v21/tenants/demo" version="1.0"><description/><configurations/><security><roles/><groups/><users/></security><data-package><data-files/><data-sources/><schemas/><session-variables/></data-package><catalog><folder id="900" name="Interns" owner-id="3110" parent="340"><folder id="942" name="Dashboard Applied Filters" owner-id="3110" parent="900"><folder id="945" name="Aggregated" owner-id="3110" parent="942"><folder id="943" name="String" owner-id="3110" parent="945"><dashboard guid="c860b003-9536-487d-9446-9fd5e1034442" id="3162" name="(Aggregated)String =" owner-id="3110" parent="943"><data xmlns:xi="http://www.w3.org/2001/XInclude"><xi:include href="dashboards/3162_dashboard.xml" parse="xml"/></data><bookmark dashboard-id="3162" is-default="false" name="String &gt;" owner-id="3110" owner-login-name="super@incorta.com"><filters><![CDATA[<prompts><dimPrompt field='SALES_MySQL4.customers.COUNTY' label='County' dataType='string' op='&gt;'><defaultValue value='Adams County'></defaultValue></dimPrompt></prompts>]]></filters></bookmark><bookmark dashboard-id="3162" is-default="false" name="String &gt;=" owner-id="3110" owner-login-name="super@incorta.com"><filters><![CDATA[<prompts><dimPrompt field='SALES_MySQL4.customers.COUNTY' label='County' dataType='string' op='&gt;='><defaultValue value='Adams County'></defaultValue></dimPrompt></prompts>]]></filters></bookmark><bookmark dashboard-id="3162" is-default="false" name="String &lt;" owner-id="3110" owner-login-name="super@incorta.com"><filters><![CDATA[<prompts><dimPrompt field='SALES_MySQL4.customers.COUNTY' label='County' dataType='string' op='&lt;'><defaultValue value='Adair County'></defaultValue></dimPrompt></prompts>]]></filters></bookmark><bookmark dashboard-id="3162" is-default="false" name="String =" owner-id="3110" owner-login-name="super@incorta.com"><filters><![CDATA[<prompts><dimPrompt field='SALES_MySQL4.customers.COUNTY' label='County' dataType='string' op='='><defaultValue value='Ada County'></defaultValue></dimPrompt></prompts>]]></filters></bookmark><bookmark dashboard-id="3162" is-default="false" name="String &lt;=" owner-id="3110" owner-login-name="super@incorta.com"><filters><![CDATA[<prompts><dimPrompt field='SALES_MySQL4.customers.COUNTY' label='County' dataType='string' op='&lt;='><defaultValue value='Aiken County'></defaultValue></dimPrompt></prompts>]]></filters></bookmark><bookmark dashboard-id="3162" is-default="false" name="String In" owner-id="3110" owner-login-name="super@incorta.com"><filters><![CDATA[<prompts><dimPrompt field='SALES_MySQL4.customers.COUNTY' label='County' dataType='string' op='IN'><defaultValue value='Ada County'></defaultValue><defaultValue value='Adams County'></defaultValue><defaultValue value='Aiken County'></defaultValue></dimPrompt></prompts>]]></filters></bookmark><bookmark dashboard-id="3162" is-default="false" name="String !=" owner-id="3110" owner-login-name="super@incorta.com"><filters><![CDATA[<prompts><dimPrompt field='SALES_MySQL4.customers.COUNTY' label='County' dataType='string' op='!='><defaultValue value='Aiken County'></defaultValue></dimPrompt></prompts>]]></filters></bookmark></dashboard></folder></folder></folder></folder></catalog></tenant>