<?xml version="1.0" encoding="UTF-8"?><tenant enabld="true" exportTime="Wed Jun 29 14:23:04 PDT 2016" load-mode="start" name="demo" partial="true" path="/Users/ilyasreyhanoglu/Incorta Analytics/tenants/Demo" version="1.0"><description><![CDATA[sample tenant]]></description><configurations/><security><roles/><groups/><users/></security><data-package><data-files/><data-sources/><schemas/><session-variables/></data-package><catalog><dashboard guid="a89d0ac7-0f31-4c88-935c-33bf46b06603" id="108" name="A_03_NET_WORKING_DAYS Dashboard" owner-id="102" parent="100"><data xmlns:xi="http://www.w3.org/2001/XInclude"><xi:include href="dashboards/108_dashboard.xml" parse="xml"/></data></dashboard></catalog></tenant>