<?xml version="1.0" encoding="UTF-8"?><tenant enabld="true" exportTime="Thu Sep 15 07:56:52 PDT 2016" load-mode="start" name="demo" partial="true" path="/Users/ilyasreyhanoglu/IncortaAnalytics/tenants/Demo" version="1.0"><description><![CDATA[sample tenant]]></description><configurations/><security><roles/><groups/><users/></security><data-package><data-files/><data-sources/><schemas/><session-variables/></data-package><catalog><folder id="164" name="Interns" owner-id="103" parent="101"><folder id="181" name="Dashboard Applied Filters" owner-id="103" parent="164"><folder id="192" name="Simple" owner-id="103" parent="181"><folder id="195" name="Int" owner-id="103" parent="192"><dashboard guid="c7de9d82-254d-44e9-8689-83f6aee84953" id="851" name="DAF(Simple)Int &lt;=" owner-id="103" parent="195"><data xmlns:xi="http://www.w3.org/2001/XInclude"><xi:include href="dashboards/851_dashboard.xml" parse="xml"/></data></dashboard></folder></folder></folder></folder></catalog></tenant>