<?xml version="1.0" encoding="UTF-8"?><tenant enabld="true" exportTime="Thu Sep 15 07:56:49 PDT 2016" load-mode="start" name="demo" partial="true" path="/Users/ilyasreyhanoglu/IncortaAnalytics/tenants/Demo" version="1.0"><description><![CDATA[sample tenant]]></description><configurations/><security><roles/><groups/><users/></security><data-package><data-files/><data-sources/><schemas/><session-variables/></data-package><catalog><folder id="164" name="Interns" owner-id="103" parent="101"><folder id="181" name="Dashboard Applied Filters" owner-id="103" parent="164"><folder id="182" name="Aggregated" owner-id="103" parent="181"><folder id="184" name="Double" owner-id="103" parent="182"><dashboard guid="9ef41a66-e4a5-40e6-98b5-9d9f06d304a5" id="759" name="DAF(Aggregated)Double Not Null" owner-id="103" parent="184"><data xmlns:xi="http://www.w3.org/2001/XInclude"><xi:include href="dashboards/759_dashboard.xml" parse="xml"/></data></dashboard></folder></folder></folder></folder></catalog></tenant>