<?xml version="1.0" encoding="UTF-8"?><tenant enabld="true" exportTime="Fri Sep 09 11:04:41 PDT 2016" load-mode="start" name="demo" partial="true" path="/Users/ilyasreyhanoglu/IncortaAnalytics/tenants/Demo" version="1.0"><description><![CDATA[sample tenant]]></description><configurations/><security><roles/><groups/><users/></security><data-package><data-files/><data-sources/><schemas/><session-variables/></data-package><catalog><folder id="104" name="Interns" owner-id="103" parent="101"><folder id="212" name="Dashboard Applied Filters" owner-id="103" parent="104"><folder id="223" name="Simple" owner-id="103" parent="212"><folder id="225" name="Double" owner-id="103" parent="223"><dashboard guid="02ddab85-2fdc-4e44-bdc0-a51fdf2d80cb" id="1122" name="(Simple)Double &lt;=" owner-id="103" parent="225"><data xmlns:xi="http://www.w3.org/2001/XInclude"><xi:include href="dashboards/1122_dashboard.xml" parse="xml"/></data></dashboard></folder></folder></folder></folder></catalog></tenant>