<?xml version="1.0" encoding="UTF-8"?><tenant enabld="true" exportTime="Thu Sep 15 07:57:00 PDT 2016" load-mode="start" name="demo" partial="true" path="/Users/ilyasreyhanoglu/IncortaAnalytics/tenants/Demo" version="1.0"><description><![CDATA[sample tenant]]></description><configurations/><security><roles/><groups/><users/></security><data-package><data-files/><data-sources/><schemas/><session-variables/></data-package><catalog><folder id="164" name="Interns" owner-id="103" parent="101"><folder id="213" name="Filtered Measures" owner-id="103" parent="164"><folder id="214" name="Aggregated" owner-id="103" parent="213"><folder id="217" name="Int" owner-id="103" parent="214"><dashboard guid="0d584ac7-b5b3-43a0-85ed-f174440230d5" id="1042" name="FM(Aggregated)Int Not In" owner-id="103" parent="217"><data xmlns:xi="http://www.w3.org/2001/XInclude"><xi:include href="dashboards/1042_dashboard.xml" parse="xml"/></data></dashboard></folder></folder></folder></folder></catalog></tenant>