<?xml version="1.0" encoding="UTF-8"?><report name="FM(Pivot)Date Not In" schema="" version="" xml:base="dashboards/3582_dashboard.xml"><layout><pivot autoRefresh="true" id="3a470042-2130-1679-a71d-db8cb8568424" maxRows="0"><properties><property name="caption" value=""/><property name="numberOfElementsInRow" value="1"/><property name="height" value="450"/><property name="automaticHeight" value="0"/><property name="xAxis" value="true"/><property name="yAxis" value="true"/><property name="xAxisTitle" value="true"/><property name="yAxisTitle" value="true"/><property name="row_total" value="false"/><property name="col_total" value="false"/><property name="col_total_only" value="false"/><property name="row_total_pos" value="0"/><property name="col_total_pos" value="0"/></properties><filter><cond dataType="string" field="SALES_MySQL4.customers.CUST_STATE_PROVINCE" function="dimension" label="State/Province" op="="><value>CA</value></cond></filter><binding><column field="SALES_MySQL4.customers.CUST_STATE_PROVINCE" function="dimension" label="State/Province"/><row datatype="date" field="SALES_MySQL4.sales.TIME_ID" function="dimension" label="Time Id"><format type="0"/></row><measure aggregation="sum" datatype="double" field="SALES_MySQL4.sales.COST_OF_GOODS" function="measure" label="Cost based on Date" runningTotal="false"><filter><cond dataType="date" field="SALES_MySQL4.sales.TIME_ID" function="dimension" label="Time Id" op="NOT_IN"><value>2016-08-16 00:00:00</value><value>2016-08-18 00:00:00</value><value>2016-08-09 00:00:00</value><value>2016-08-06 00:00:00</value></cond></filter><format numberFormat="0" seriesType="line"/><properties><property name="format" value="###,##0.00"/></properties></measure><measure aggregation="sum" datatype="double" field="SALES_MySQL4.sales.COST_OF_GOODS" function="measure" label="Cost" runningTotal="false"><format numberFormat="0" seriesType="line"/><properties><property name="format" value="###,##0.00"/></properties></measure></binding><format coloringScheme="0" showLegend="1"/></pivot></layout></report>