<?xml version="1.0" encoding="UTF-8"?><tenant enabld="true" exportTime="Thu Sep 15 07:56:37 PDT 2016" load-mode="start" name="demo" partial="true" path="/Users/ilyasreyhanoglu/IncortaAnalytics/tenants/Demo" version="1.0"><description><![CDATA[sample tenant]]></description><configurations/><security><roles/><groups/><users/></security><data-package><data-files/><data-sources/><schemas/><session-variables/></data-package><catalog><folder id="164" name="Interns" owner-id="103" parent="101"><folder id="197" name="Dashboard Runtime Filters" owner-id="103" parent="164"><folder id="208" name="Simple" owner-id="103" parent="197"><folder id="210" name="Double" owner-id="103" parent="208"><dashboard guid="26c682a2-47ba-47b1-813c-d117f74e7648" id="981" name="DRF(Simple)Double =" owner-id="103" parent="210"><data xmlns:xi="http://www.w3.org/2001/XInclude"><xi:include href="dashboards/981_dashboard.xml" parse="xml"/></data></dashboard></folder></folder></folder></folder></catalog></tenant>