<?xml version="1.0" encoding="UTF-8"?><tenant enabld="true" exportTime="Thu Sep 01 23:10:20 PDT 2016" load-mode="start" name="demo" partial="true" path="/incorta_v21/tenants/demo" version="1.0"><description/><configurations/><security><roles/><groups/><users/></security><data-package><data-files/><data-sources/><schemas/><session-variables/></data-package><catalog><folder id="900" name="Interns" owner-id="3110" parent="340"><folder id="960" name="Dashboard Runtime Filters" owner-id="3110" parent="900"><folder id="961" name="Aggregated" owner-id="3110" parent="960"><folder id="965" name="Double" owner-id="3110" parent="961"><dashboard guid="b7b15201-2310-4a56-919c-2f24681be889" id="3402" name="(Aggregated)Double Null" owner-id="3110" parent="965"><data xmlns:xi="http://www.w3.org/2001/XInclude"><xi:include href="dashboards/3402_dashboard.xml" parse="xml"/></data><bookmark dashboard-id="3402" is-default="false" name="String =" owner-id="3110" owner-login-name="super@incorta.com"><filters><![CDATA[<prompts><dimPrompt field='SALES_MySQL4.customers.COUNTY' label='County' dataType='string' op='='><defaultValue value='Ada County'></defaultValue></dimPrompt></prompts>]]></filters></bookmark></dashboard></folder></folder></folder></folder></catalog></tenant>