<?xml version="1.0" encoding="UTF-8"?><report name="Pivot(Double) Not Null" schema="" version="" xml:base="dashboards/3197_dashboard.xml"><layout><pivot autoRefresh="true" id="31e8b33c-81fe-d3d3-bc49-c525f846157d" maxRows="0"><properties><property name="caption" value=""/><property name="numberOfElementsInRow" value="1"/><property name="height" value="450"/><property name="automaticHeight" value="0"/><property name="xAxis" value="true"/><property name="yAxis" value="true"/><property name="xAxisTitle" value="true"/><property name="yAxisTitle" value="true"/><property name="row_total" value="false"/><property name="col_total" value="false"/><property name="col_total_only" value="false"/><property name="row_total_pos" value="0"/><property name="col_total_pos" value="0"/></properties><filter><cond dataType="double" field="SALES_MySQL4.sales.COST_OF_GOODS" function="measure" label="Cost" op="IS_NOT_NULL"><value/></cond></filter><binding><column field="SALES_MySQL4.sales.CALENDAR_QUARTER_NUMBER" function="dimension" label="Quarter"/><row datatype="string" field="SALES_MySQL4.customers.CUST_STATE_PROVINCE" function="dimension" label="State/Province"><format type="0"/></row><measure aggregation="sum" datatype="double" field="SALES_MySQL4.sales.COST_OF_GOODS" function="measure" label="Cost" runningTotal="false"><format numberFormat="2" seriesType="line"/><properties><property name="format" value="$###,##0.00"/></properties></measure></binding><format coloringScheme="0" showLegend="1"/></pivot></layout></report>