<?xml version="1.0" encoding="UTF-8"?><tenant enabld="true" exportTime="Thu Oct 27 14:20:25 PDT 2016" load-mode="start" name="super" partial="true" path="/Users/anahit/stable/tenants/super" version="1.0"><description><![CDATA[sample tenant]]></description><configurations/><security><roles/><groups/><users/></security><data-package><data-files/><data-sources><data-source id="104" name="Mysql57" owner-id="101"><data xmlns:xi="http://www.w3.org/2001/XInclude"><xi:include href="datasources/104_datasource.xml" parse="xml"/></data></data-source></data-sources><schemas/><session-variables/></data-package><catalog/></tenant>