<?xml version="1.0" encoding="UTF-8"?><report name="A_04_CASE_BIN Dashboard-2" version="" schema=""><prompts><varPrompt label='# of Days' variable='no_of_days' dataType='integer' default='30'/></prompts><layout><table id="285dbdee-fe53-b11d-ee83-5bd2b466e17e" maxRows="" autoRefresh="true" transpose="false" headers="true" fixedColumns="" aggregation="false" total="false" subtotal="false"><properties><property name="caption" value=""/><property name="numberOfElementsInRow" value="1"/><property name="height" value="450"/><property name="automaticHeight" value="0"/><property name="xAxis" value="true"/><property name="yAxis" value="true"/><property name="xAxisTitle" value="true"/><property name="yAxisTitle" value="true"/></properties><filter><cond label='Last N Days' dataType='formula' function='formula' op='IS_TRUE' formula='and(daysBetween($currentDate, A_04_CASE_BIN.case_bin.Open_Date)&gt;0,daysBetween($currentDate, A_04_CASE_BIN.case_bin.Open_Date)&lt;$no_of_days)' value=''/></filter><binding><measure field="A_04_CASE_BIN.case_bin.Case_Number" label="Case Number" aggregation="sum" runningTotal="false" function= "measure"  datatype= "integer" ><format numberFormat = "1" seriesType = "line" ></format><properties><property name="format" value="###,###"/></properties></measure><measure field="A_04_CASE_BIN.case_bin.Open_Date" label="Open Date" aggregation="count" runningTotal="false" function= "dimension"  datatype= "date" ><format numberFormat = "6" seriesType = "line" ></format><properties><property name="format" value="0.##"/></properties></measure><measure field="A_04_CASE_BIN.case_bin.Close_Date" label="Close Date" aggregation="count" runningTotal="false" function= "dimension"  datatype= "date" ><format numberFormat = "6" seriesType = "line" ></format><properties><property name="format" value="0.##"/></properties></measure></binding><format coloringScheme="0" showLegend="1"/></table></layout></report>