<?xml version="1.0" encoding="UTF-8"?><tenant enabld="true" exportTime="Fri Sep 09 11:33:53 PDT 2016" load-mode="start" name="demo" partial="true" path="/Users/ilyasreyhanoglu/IncortaAnalytics/tenants/Demo" version="1.0"><description><![CDATA[sample tenant]]></description><configurations/><security><roles/><groups/><users/></security><data-package><data-files/><data-sources/><schemas/><session-variables/></data-package><catalog><folder id="104" name="Interns" owner-id="103" parent="101"><folder id="244" name="Filtered Measures" owner-id="103" parent="104"><folder id="245" name="Aggregated" owner-id="103" parent="244"><folder id="248" name="Int" owner-id="103" parent="245"><dashboard guid="a40f34f3-9087-4373-a5c6-7a55c39501a5" id="1315" name="(Aggregated)Int Not Null" owner-id="103" parent="248"><data xmlns:xi="http://www.w3.org/2001/XInclude"><xi:include href="dashboards/1315_dashboard.xml" parse="xml"/></data></dashboard></folder></folder></folder></folder></catalog></tenant>