<?xml version="1.0" encoding="UTF-8"?><tenant enabld="true" exportTime="Wed Sep 14 18:01:47 PDT 2016" load-mode="start" name="demo" partial="true" path="/Users/ilyasreyhanoglu/IncortaAnalytics/tenants/Demo" version="1.0"><description><![CDATA[sample tenant]]></description><configurations/><security><roles/><groups/><users/></security><data-package><data-files/><data-sources/><schemas/><session-variables/></data-package><catalog><folder id="104" name="Interns" owner-id="103" parent="101"><folder id="105" name="Dashboard Applied Filters" owner-id="103" parent="104"><folder id="116" name="Simple" owner-id="103" parent="105"><folder id="120" name="String" owner-id="103" parent="116"><dashboard guid="e9fdc45e-0889-4063-ae72-7f6d9a4274df" id="238" name="(Simple)String Starts With" owner-id="103" parent="120"><data xmlns:xi="http://www.w3.org/2001/XInclude"><xi:include href="dashboards/238_dashboard.xml" parse="xml"/></data></dashboard></folder></folder></folder></folder></catalog></tenant>