<?xml version="1.0" encoding="UTF-8"?><report name="(Aggregated)Date &gt;" version="" schema=""><layout><table id="4e4080ba-1adb-df32-3dcf-9ed45fafd088" maxRows="0" autoRefresh="true" transpose="false" headers="true" fixedColumns="" aggregation="true" total="false" subtotal="false"><properties><property name="caption" value=""/><property name="numberOfElementsInRow" value="1"/><property name="height" value="450"/><property name="automaticHeight" value="0"/><property name="xAxis" value="true"/><property name="yAxis" value="true"/><property name="xAxisTitle" value="true"/><property name="yAxisTitle" value="true"/></properties><filter><cond label='Time Id' dataType='date' function='dimension' op='&gt;' field='SALES_MySQL4.sales.TIME_ID'><value>2014-02-04 00:00:00</value></cond></filter><sorting><sort field="SALES_MySQL4.customers.COUNTY" dir="desc" label="County" function= "dimension" /><sort field="SALES_MySQL4.sales.TIME_ID" dir="asce" label="Time Id" function= "dimension" /><sort field="SALES_MySQL4.sales.COST_OF_GOODS" dir="asce" label="Cost" function= "measure" /><sort field="SALES_MySQL4.sales.AMOUNT_SOLD" dir="asce" label="Revenue" function= "measure" /></sorting><binding><measure field="SALES_MySQL4.customers.COUNTY" label="County" aggregation="count" runningTotal="false" function= "dimension"  datatype= "string" ><format numberFormat = "6" seriesType = "line" ></format><properties><property name="format" value="0.##"/></properties></measure><measure field="SALES_MySQL4.sales.TIME_ID" label="Time Id" aggregation="count" runningTotal="false" function= "dimension"  datatype= "date" ><format numberFormat = "6" seriesType = "line" ></format><properties><property name="format" value="0.##"/></properties></measure><measure field="SALES_MySQL4.sales.COST_OF_GOODS" label="Cost" aggregation="sum" runningTotal="false" function= "measure"  datatype= "double" ><format numberFormat = "2" seriesType = "line" ></format><properties><property name="format" value="$###,##0.00"/></properties></measure><measure field="SALES_MySQL4.sales.AMOUNT_SOLD" label="Revenue" aggregation="sum" runningTotal="false" function= "measure"  datatype= "integer" ><format numberFormat = "2" seriesType = "line" ></format><properties><property name="format" value="$###,##0.00"/></properties></measure></binding><format coloringScheme="0" showLegend="1"/></table></layout></report>