<?xml version="1.0" encoding="UTF-8"?><tenant enabld="true" exportTime="Thu Sep 15 08:30:25 PDT 2016" load-mode="start" name="demo" partial="true" path="/incorta_v21/tenants/demo" version="1.0"><description/><configurations/><security><roles/><groups/><users/></security><data-package><data-files/><data-sources/><schemas/><session-variables/></data-package><catalog><folder id="900" name="Interns" owner-id="3110" parent="340"><folder id="941" name="Insight Filters" owner-id="3110" parent="900"><folder id="905" name="Pivot" owner-id="3110" parent="941"><folder id="915" name="Date" owner-id="3110" parent="905"><dashboard guid="cc4b989a-8d6b-4870-b0ac-a93bd1937f15" id="3295" name="(Pivot)Date &gt;=" owner-id="3110" parent="915"><data xmlns:xi="http://www.w3.org/2001/XInclude"><xi:include href="dashboards/3295_dashboard.xml" parse="xml"/></data></dashboard></folder></folder></folder></folder></catalog></tenant>