<?xml version="1.0" encoding="UTF-8"?><tenant enabld="true" exportTime="Thu Sep 01 23:11:45 PDT 2016" load-mode="start" name="demo" partial="true" path="/incorta_v21/tenants/demo" version="1.0"><description/><configurations/><security><roles/><groups/><users/></security><data-package><data-files/><data-sources/><schemas/><session-variables/></data-package><catalog><folder id="900" name="Interns" owner-id="3110" parent="340"><folder id="960" name="Dashboard Runtime Filters" owner-id="3110" parent="900"><folder id="963" name="Pivot" owner-id="3110" parent="960"><folder id="970" name="Int" owner-id="3110" parent="963"><dashboard guid="9aaf3e7c-1f39-4253-9b6a-5642023d8872" id="3488" name="(Pivot)Int Null" owner-id="3110" parent="970"><data xmlns:xi="http://www.w3.org/2001/XInclude"><xi:include href="dashboards/3488_dashboard.xml" parse="xml"/></data></dashboard></folder></folder></folder></folder></catalog></tenant>