<?xml version="1.0" encoding="UTF-8"?><tenant enabld="true" exportTime="Thu Sep 01 23:12:01 PDT 2016" load-mode="start" name="demo" partial="true" path="/incorta_v21/tenants/demo" version="1.0"><description/><configurations/><security><roles/><groups/><users/></security><data-package><data-files/><data-sources/><schemas/><session-variables/></data-package><catalog><folder id="900" name="Interns" owner-id="3110" parent="340"><folder id="942" name="Dashboard Applied Filters" owner-id="3110" parent="900"><folder id="949" name="Simple" owner-id="3110" parent="942"><folder id="950" name="Int" owner-id="3110" parent="949"><dashboard guid="c4996c95-248e-41b6-89fa-93bc835df01e" id="3287" name="(Simple)Int !=" owner-id="3110" parent="950"><data xmlns:xi="http://www.w3.org/2001/XInclude"><xi:include href="dashboards/3287_dashboard.xml" parse="xml"/></data><bookmark dashboard-id="3287" is-default="false" name="String =" owner-id="3110" owner-login-name="super@incorta.com"><filters><![CDATA[<prompts><dimPrompt field='SALES_MySQL4.customers.COUNTY' label='County' dataType='string' op='='><defaultValue value='Ada County'></defaultValue></dimPrompt></prompts>]]></filters></bookmark></dashboard></folder></folder></folder></folder></catalog></tenant>