<?xml version="1.0" encoding="UTF-8"?><tenant enabld="true" exportTime="Fri Sep 09 11:04:43 PDT 2016" load-mode="start" name="demo" partial="true" path="/Users/ilyasreyhanoglu/IncortaAnalytics/tenants/Demo" version="1.0"><description><![CDATA[sample tenant]]></description><configurations/><security><roles/><groups/><users/></security><data-package><data-files/><data-sources/><schemas/><session-variables/></data-package><catalog><folder id="104" name="Interns" owner-id="103" parent="101"><folder id="212" name="Dashboard Applied Filters" owner-id="103" parent="104"><folder id="223" name="Simple" owner-id="103" parent="212"><folder id="226" name="Int" owner-id="103" parent="223"><dashboard guid="c4996c95-248e-41b6-89fa-93bc835df01e" id="1130" name="(Simple)Int !=" owner-id="103" parent="226"><data xmlns:xi="http://www.w3.org/2001/XInclude"><xi:include href="dashboards/1130_dashboard.xml" parse="xml"/></data></dashboard></folder></folder></folder></folder></catalog></tenant>