<?xml version="1.0" encoding="UTF-8"?><tenant enabld="true" exportTime="Thu Sep 08 15:30:03 PDT 2016" load-mode="start" name="demo" partial="true" path="/Users/ilyasreyhanoglu/IncortaAnalytics/tenants/Demo" version="1.0"><description><![CDATA[sample tenant]]></description><configurations/><security><roles/><groups/><users/></security><data-package><data-files/><data-sources/><schemas/><session-variables/></data-package><catalog><folder id="104" name="Interns" owner-id="103" parent="101"><folder id="164" name="Dashboard Runtime Filters" owner-id="103" parent="104"><folder id="170" name="Pivot" owner-id="103" parent="164"><folder id="172" name="Double" owner-id="103" parent="170"><dashboard guid="89bb7cb6-7e41-4eff-a452-1f6180f546a5" id="675" name="(Pivot)Double Null" owner-id="103" parent="172"><data xmlns:xi="http://www.w3.org/2001/XInclude"><xi:include href="dashboards/675_dashboard.xml" parse="xml"/></data></dashboard></folder></folder></folder></folder></catalog></tenant>