<?xml version="1.0" encoding="UTF-8"?><tenant enabld="true" exportTime="Thu Sep 15 07:56:33 PDT 2016" load-mode="start" name="demo" partial="true" path="/Users/ilyasreyhanoglu/IncortaAnalytics/tenants/Demo" version="1.0"><description><![CDATA[sample tenant]]></description><configurations/><security><roles/><groups/><users/></security><data-package><data-files/><data-sources/><schemas/><session-variables/></data-package><catalog><folder id="164" name="Interns" owner-id="103" parent="101"><folder id="165" name="Insight Filters" owner-id="103" parent="164"><folder id="176" name="Simple" owner-id="103" parent="165"><folder id="180" name="String" owner-id="103" parent="176"><dashboard guid="2bf633cd-232f-4115-a7ec-a26a68647d96" id="735" name="(Simple)String In" owner-id="103" parent="180"><data xmlns:xi="http://www.w3.org/2001/XInclude"><xi:include href="dashboards/735_dashboard.xml" parse="xml"/></data></dashboard></folder></folder></folder></folder></catalog></tenant>