<?xml version="1.0" encoding="UTF-8"?><schema loader="A_04_CASE_BIN" name="A_04_CASE_BIN" version="1.0" xml:base="schemas/117_schema.xml"><tables><table alias="false" charset="UTF-8" dateformat="MM/dd/yyyy" incremental="true" memory="6046" name="case_bin" rows="15" sep="," source="04_case_bin.csv" staging="false" timestampFormat="yyyy-MM-dd HH:mm:ss" type="default"><column encrypt="false" function="measure" hide="false" label="Case Number" name="Case_Number" type="integer"/><column encrypt="false" function="dimension" hide="false" label="Open Date" name="Open_Date" type="date"/><column encrypt="false" function="dimension" hide="false" label="Close Date" name="Close_Date" type="date"/><column encrypt="false" function="dimension" hide="false" label="Month" name="Month" type="integer"/><column encrypt="false" function="dimension" hide="false" label="Quarter" name="Quarter" type="string"/><column formula="bin(daysBetween(A_04_CASE_BIN.case_bin.Close_Date, A_04_CASE_BIN.case_bin.Open_Date),&quot;1-7 days&quot;,8,&quot;8-14 days&quot;, 15, &quot;More than 14 days&quot;)" function="dimension" label="Bucket" name="bucket"/></table></tables></schema>