<?xml version="1.0" encoding="UTF-8"?><loader name="Sales" refreshPeriod="-1" schema="Sales" version="1.0" xml:base="schemas/142_loader.xml"><datasets><sql incremental="false" source="Sales" table="Sales.product_line"><query>SELECT `PROD_LINE_ID`, `CATEGORY_ID`, `CATEGORY`, `SUBCATEGORY_ID`, `SUBCATEGORY` FROM `salesdb`.`product_line`</query></sql><sql incremental="false" source="Sales" table="Sales.products"><query>SELECT `PROD_ID`, `PROD_NAME`, `PROD_DESC`, `PROD_SUBCATEGORY`, `PROD_SUBCATEGORY_ID`, `PROD_SUBCATEGORY_DESC`, `PROD_CATEGORY`, `PROD_CATEGORY_ID`, `PROD_CATEGORY_DESC`, `PROD_WEIGHT_CLASS`, `PROD_UNIT_OF_MEASURE`, `PROD_PACK_SIZE`, `SUPPLIER_ID`, `PROD_STATUS`, `PROD_LIST_PRICE`, `PROD_MIN_PRICE`, `PROD_TOTAL`, `PROD_TOTAL_ID`, `PROD_SRC_ID`, `PROD_EFF_FROM`, `PROD_VALID`, `PROD_COST`, `PROD_EFF_TO`, `PROD_LINE_ID` FROM `salesdb`.`products`</query></sql><sql incremental="false" source="Sales" table="Sales.customers"><query>SELECT `CUST_ID`, `CUST_FIRST_NAME`, `CUST_LAST_NAME`, `CUST_GENDER`, `CUST_YEAR_OF_BIRTH`, `CUST_MARITAL_STATUS`, `CUST_STREET_ADDRESS`, `CUST_POSTAL_CODE`, `CUST_CITY`, `CUST_CITY_ID`, `CUST_STATE_PROVINCE`, `CUST_STATE_PROVINCE_ID`, `COUNTRY_ID`, `CUST_MAIN_PHONE_NUMBER`, `CUST_INCOME_LEVEL_DIM`, `CUST_CREDIT_LIMIT`, `CUST_EMAIL`, `CUST_TOTAL`, `CUST_TOTAL_ID`, `CUST_SRC_ID`, `CUST_EFF_FROM`, `CUST_EFF_TO`, `CUST_VALID`, `COUNTY` FROM `salesdb`.`customers`</query></sql><sql incremental="false" source="Sales" table="Sales.sales"><query>SELECT `QUANTITY_SOLD`, `AMOUNT_SOLD`, `CALENDAR_MONTH_NUMBER`, `CALENDAR_QUARTER_NUMBER`, `CALENDAR_YEAR`, `COST_OF_GOODS`, `PROD_ID`, `CUSTOMER_ID`, `TIME_ID`, `ZIPCODE` FROM `salesdb`.`sales`</query></sql></datasets></loader>