<?xml version="1.0" encoding="UTF-8"?><schema loader="A_01_CASE" name="A_01_CASE" version="1.0" xml:base="schemas/110_schema.xml"><tables><table alias="false" memory="2352" name="agent" rows="2" source="01_agent.csv" type="default"><column function="dimension" hide="false" label="Emp Id" name="emp_id" type="integer"/><column function="dimension" hide="false" label="Name" name="name" type="string"/></table><table alias="false" memory="7168" name="case" rows="11" source="01_case.csv" type="default"><column function="measure" hide="false" label="Case Number" name="case_number" type="integer"/><column function="dimension" hide="false" label="Customer Id" name="customer_id" type="integer"/><column function="dimension" hide="false" label="Status" name="status" type="string"/><column function="dimension" hide="false" label="Agent Id" name="agent_id" type="integer"/><column function="dimension" hide="false" label="Open Date" name="open_date" type="date"/><column function="dimension" hide="false" label="Close Date" name="close_date" type="date"/></table><table alias="false" memory="2378" name="customer" rows="3" source="01_customer.csv" type="default"><column function="dimension" hide="false" label="Customer Id" name="customer_id" type="integer"/><column function="dimension" hide="false" label="Name" name="name" type="string"/></table><table alias="false" memory="3453663" name="date_open" rows="20479" source="01_Date_US_v4.csv" type="default"><column function="dimension" hide="false" label="Date" name="Date" type="date"/><column function="measure" hide="false" label="Day Number" name="Day_Number" type="integer"/><column function="dimension" hide="false" label="Day Name" name="Day_Name" type="string"/><column function="measure" hide="false" label="Work Day Seq" name="work_day_seq" type="integer"/><column function="dimension" hide="false" label="Week Of Month" name="week_of_month" type="string"/><column function="dimension" hide="false" label="Week Of Year" name="week_of_year" type="string"/><column function="dimension" hide="false" label="Week Start Date" name="Week_Start_Date" type="date"/><column function="dimension" hide="false" label="Month Name" name="Month_Name" type="string"/><column function="dimension" hide="false" label="Month Number" name="Month_Number" type="integer"/><column function="dimension" hide="false" label="Month Seq" name="Month_Seq" type="integer"/><column function="dimension" hide="false" label="Month Year" name="Month_Year" type="string"/><column function="dimension" hide="false" label="Month Year Number" name="Month_Year_Number" type="integer"/><column function="dimension" hide="false" label="Month Start Date" name="Month_Start_date" type="date"/><column function="dimension" hide="false" label="Month End Date" name="Month_End_date" type="date"/><column function="dimension" hide="false" label="Quartername" name="QuarterName" type="string"/><column function="dimension" hide="false" label="Quarter Number" name="Quarter_Number" type="string"/><column function="dimension" hide="false" label="Quarter Year Number" name="Quarter_Year_Number" type="integer"/><column function="dimension" hide="false" label="Quarter Start Date" name="Quarter_Start_date" type="date"/><column function="dimension" hide="false" label="Quarter End Date" name="Quarter_End_date" type="date"/><column function="dimension" hide="false" label="Year" name="Year" type="integer"/><column function="dimension" hide="false" label="Year Start Date" name="Year_Start_date" type="date"/><column function="dimension" hide="false" label="Year End Date" name="Year_End_date" type="date"/><column function="measure" hide="false" label="Day Seq" name="day_seq" type="integer"/><column function="measure" hide="false" label="Week Seq" name="week_seq" type="integer"/><column function="dimension" hide="false" label="Year Seq" name="year_seq" type="integer"/><column function="dimension" hide="false" label="Week Ago Date" name="week_ago_date" type="date"/><column function="dimension" hide="false" label="Day Ago Date" name="day_ago_date" type="date"/><column function="dimension" hide="false" label="Month Ago Date" name="month_ago_date" type="date"/><column function="dimension" hide="false" label="Quarter Ago Date" name="quarter_ago_date" type="date"/><column function="dimension" hide="false" label="Day Type" name="day_type" type="string"/><column function="dimension" hide="false" label="Workday Seq" name="workday_seq" type="string"/><column function="dimension" hide="false" label="Holiday Name" name="holiday_name" type="string"/></table><table alias="true" name="date_close" schema="A_01_CASE" selectedTable="date_open" source="A_01_CASE.date_open" type="default"><column function="dimension" hide="false" label="Date" name="Date" type="date"/><column function="measure" hide="false" label="Day Number" name="Day_Number" type="integer"/><column function="dimension" hide="false" label="Day Name" name="Day_Name" type="string"/><column function="measure" hide="false" label="Work Day Seq" name="work_day_seq" type="integer"/><column function="dimension" hide="false" label="Week Of Month" name="week_of_month" type="string"/><column function="dimension" hide="false" label="Week Of Year" name="week_of_year" type="string"/><column function="dimension" hide="false" label="Week Start Date" name="Week_Start_Date" type="date"/><column function="dimension" hide="false" label="Month Name" name="Month_Name" type="string"/><column function="dimension" hide="false" label="Month Number" name="Month_Number" type="integer"/><column function="dimension" hide="false" label="Month Seq" name="Month_Seq" type="integer"/><column function="dimension" hide="false" label="Month Year" name="Month_Year" type="string"/><column function="dimension" hide="false" label="Month Year Number" name="Month_Year_Number" type="integer"/><column function="dimension" hide="false" label="Month Start Date" name="Month_Start_date" type="date"/><column function="dimension" hide="false" label="Month End Date" name="Month_End_date" type="date"/><column function="dimension" hide="false" label="Quartername" name="QuarterName" type="string"/><column function="dimension" hide="false" label="Quarter Number" name="Quarter_Number" type="string"/><column function="dimension" hide="false" label="Quarter Year Number" name="Quarter_Year_Number" type="integer"/><column function="dimension" hide="false" label="Quarter Start Date" name="Quarter_Start_date" type="date"/><column function="dimension" hide="false" label="Quarter End Date" name="Quarter_End_date" type="date"/><column function="dimension" hide="false" label="Year" name="Year" type="integer"/><column function="dimension" hide="false" label="Year Start Date" name="Year_Start_date" type="date"/><column function="dimension" hide="false" label="Year End Date" name="Year_End_date" type="date"/><column function="measure" hide="false" label="Day Seq" name="day_seq" type="integer"/><column function="measure" hide="false" label="Week Seq" name="week_seq" type="integer"/><column function="dimension" hide="false" label="Year Seq" name="year_seq" type="integer"/><column function="dimension" hide="false" label="Week Ago Date" name="week_ago_date" type="date"/><column function="dimension" hide="false" label="Day Ago Date" name="day_ago_date" type="date"/><column function="dimension" hide="false" label="Month Ago Date" name="month_ago_date" type="date"/><column function="dimension" hide="false" label="Quarter Ago Date" name="quarter_ago_date" type="date"/><column function="dimension" hide="false" label="Day Type" name="day_type" type="string"/><column function="dimension" hide="false" label="Workday Seq" name="workday_seq" type="string"/><column function="dimension" hide="false" label="Holiday Name" name="holiday_name" type="string"/></table></tables><joins><join name="087830f2-3a3c-c463-6d2f-3480c47ddcaa"><cond child="A_01_CASE.case.agent_id" op="=" parent="A_01_CASE.agent.emp_id"/></join><join name="74767044-9f20-221d-5862-d3a5dea58453"><cond child="A_01_CASE.case.customer_id" op="=" parent="A_01_CASE.customer.customer_id"/></join><join name="576cbbe3-947e-584a-b002-13a0e7283ea0"><cond child="A_01_CASE.case.open_date" op="=" parent="A_01_CASE.date_open.Date"/></join><join name="79b1d058-d89f-6971-fe88-7f3d29688bf5"><cond child="A_01_CASE.case.close_date" op="=" parent="A_01_CASE.date_close.Date"/></join></joins></schema>