<?xml version="1.0" encoding="UTF-8"?><schema loader="A_06_HIERARCHY" name="A_06_HIERARCHY" version="1.0" xml:base="schemas/118_schema.xml"><tables><table alias="false" name="employee" source="06_employee_hierarchy.csv" type="default"><column function="dimension" hide="false" label="Emp Id" name="emp_id" type="integer"/><column function="dimension" hide="false" label="Name" name="name" type="string"/><column function="dimension" hide="false" label="Manager Id" name="manager_id" type="integer"/><column function="measure" hide="false" label="Salary" name="salary" type="integer"/></table></tables><joins><join name="ade1fada-9aae-523f-d7ca-fe9b6db1b21e"><cond child="A_06_HIERARCHY.employee.manager_id" op="=" parent="A_06_HIERARCHY.employee.emp_id"/></join></joins></schema>