<?xml version="1.0" encoding="UTF-8"?><schema loader="A_03_NET_WORKING_DAYS" name="A_03_NET_WORKING_DAYS" version="1.0" xml:base="schemas/111_schema.xml"><tables><table alias="false" charset="UTF-8" dateformat="MM/dd/yyyy" incremental="false" memory="3576" multiDataSource="false" name="case_working_days" rows="5" sep="," source="03_case_working_days.csv" staging="false" timestampFormat="yyyy-MM-dd HH:mm:ss" type="default"><column encrypt="false" function="measure" hide="false" label="Case Number" name="Case_Number" type="integer"/><column encrypt="false" function="dimension" hide="false" label="Open Date" name="Open_Date" type="date"/><column encrypt="false" function="dimension" hide="false" label="Close Date" name="Close_Date" type="date"/></table><table alias="false" charset="UTF-8" dateformat="MM/dd/yyyy" incremental="false" memory="3453663" multiDataSource="false" name="open_date" rows="20479" sep="," source="Date_US_v4.csv" staging="false" timestampFormat="yyyy-MM-dd HH:mm:ss" type="default"><column encrypt="false" function="dimension" hide="false" label="Date" name="Date" type="date"/><column encrypt="false" function="measure" hide="false" label="Day Number" name="Day_Number" type="integer"/><column encrypt="false" function="dimension" hide="false" label="Day Name" name="Day_Name" type="string"/><column encrypt="false" function="measure" hide="false" label="Work Day Seq" name="work_day_seq" type="integer"/><column encrypt="false" function="dimension" hide="false" label="Week Of Month" name="week_of_month" type="string"/><column encrypt="false" function="dimension" hide="false" label="Week Of Year" name="week_of_year" type="string"/><column encrypt="false" function="dimension" hide="false" label="Week Start Date" name="Week_Start_Date" type="date"/><column encrypt="false" function="dimension" hide="false" label="Month Name" name="Month_Name" type="string"/><column encrypt="false" function="dimension" hide="false" label="Month Number" name="Month_Number" type="integer"/><column encrypt="false" function="dimension" hide="false" label="Month Seq" name="Month_Seq" type="integer"/><column encrypt="false" function="dimension" hide="false" label="Month Year" name="Month_Year" type="string"/><column encrypt="false" function="dimension" hide="false" label="Month Year Number" name="Month_Year_Number" type="integer"/><column encrypt="false" function="dimension" hide="false" label="Month Start Date" name="Month_Start_date" type="date"/><column encrypt="false" function="dimension" hide="false" label="Month End Date" name="Month_End_date" type="date"/><column encrypt="false" function="dimension" hide="false" label="Quartername" name="QuarterName" type="string"/><column encrypt="false" function="dimension" hide="false" label="Quarter Number" name="Quarter_Number" type="string"/><column encrypt="false" function="dimension" hide="false" label="Quarter Year Number" name="Quarter_Year_Number" type="integer"/><column encrypt="false" function="dimension" hide="false" label="Quarter Start Date" name="Quarter_Start_date" type="date"/><column encrypt="false" function="dimension" hide="false" label="Quarter End Date" name="Quarter_End_date" type="date"/><column encrypt="false" function="dimension" hide="false" label="Year" name="Year" type="integer"/><column encrypt="false" function="dimension" hide="false" label="Year Start Date" name="Year_Start_date" type="date"/><column encrypt="false" function="dimension" hide="false" label="Year End Date" name="Year_End_date" type="date"/><column encrypt="false" function="measure" hide="false" label="Day Seq" name="day_seq" type="integer"/><column encrypt="false" function="measure" hide="false" label="Week Seq" name="week_seq" type="integer"/><column encrypt="false" function="dimension" hide="false" label="Year Seq" name="year_seq" type="integer"/><column encrypt="false" function="dimension" hide="false" label="Week Ago Date" name="week_ago_date" type="date"/><column encrypt="false" function="dimension" hide="false" label="Day Ago Date" name="day_ago_date" type="date"/><column encrypt="false" function="dimension" hide="false" label="Month Ago Date" name="month_ago_date" type="date"/><column encrypt="false" function="dimension" hide="false" label="Quarter Ago Date" name="quarter_ago_date" type="date"/><column encrypt="false" function="dimension" hide="false" label="Day Type" name="day_type" type="string"/><column encrypt="false" function="dimension" hide="false" label="Workday Seq" name="workday_seq" type="string"/><column encrypt="false" function="dimension" hide="false" label="Holiday Name" name="holiday_name" type="string"/></table><table alias="true" name="close_date" schema="A_03_NET_WORKING_DAYS" selectedTable="open_date" source="A_03_NET_WORKING_DAYS.open_date" staging="false" type="default"><column encrypt="false" function="dimension" hide="false" label="Date" name="Date" type="date"/><column encrypt="false" function="measure" hide="false" label="Day Number" name="Day_Number" type="integer"/><column encrypt="false" function="dimension" hide="false" label="Day Name" name="Day_Name" type="string"/><column encrypt="false" function="measure" hide="false" label="Work Day Seq" name="work_day_seq" type="integer"/><column encrypt="false" function="dimension" hide="false" label="Week Of Month" name="week_of_month" type="string"/><column encrypt="false" function="dimension" hide="false" label="Week Of Year" name="week_of_year" type="string"/><column encrypt="false" function="dimension" hide="false" label="Week Start Date" name="Week_Start_Date" type="date"/><column encrypt="false" function="dimension" hide="false" label="Month Name" name="Month_Name" type="string"/><column encrypt="false" function="dimension" hide="false" label="Month Number" name="Month_Number" type="integer"/><column encrypt="false" function="dimension" hide="false" label="Month Seq" name="Month_Seq" type="integer"/><column encrypt="false" function="dimension" hide="false" label="Month Year" name="Month_Year" type="string"/><column encrypt="false" function="dimension" hide="false" label="Month Year Number" name="Month_Year_Number" type="integer"/><column encrypt="false" function="dimension" hide="false" label="Month Start Date" name="Month_Start_date" type="date"/><column encrypt="false" function="dimension" hide="false" label="Month End Date" name="Month_End_date" type="date"/><column encrypt="false" function="dimension" hide="false" label="Quartername" name="QuarterName" type="string"/><column encrypt="false" function="dimension" hide="false" label="Quarter Number" name="Quarter_Number" type="string"/><column encrypt="false" function="dimension" hide="false" label="Quarter Year Number" name="Quarter_Year_Number" type="integer"/><column encrypt="false" function="dimension" hide="false" label="Quarter Start Date" name="Quarter_Start_date" type="date"/><column encrypt="false" function="dimension" hide="false" label="Quarter End Date" name="Quarter_End_date" type="date"/><column encrypt="false" function="dimension" hide="false" label="Year" name="Year" type="integer"/><column encrypt="false" function="dimension" hide="false" label="Year Start Date" name="Year_Start_date" type="date"/><column encrypt="false" function="dimension" hide="false" label="Year End Date" name="Year_End_date" type="date"/><column encrypt="false" function="measure" hide="false" label="Day Seq" name="day_seq" type="integer"/><column encrypt="false" function="measure" hide="false" label="Week Seq" name="week_seq" type="integer"/><column encrypt="false" function="dimension" hide="false" label="Year Seq" name="year_seq" type="integer"/><column encrypt="false" function="dimension" hide="false" label="Week Ago Date" name="week_ago_date" type="date"/><column encrypt="false" function="dimension" hide="false" label="Day Ago Date" name="day_ago_date" type="date"/><column encrypt="false" function="dimension" hide="false" label="Month Ago Date" name="month_ago_date" type="date"/><column encrypt="false" function="dimension" hide="false" label="Quarter Ago Date" name="quarter_ago_date" type="date"/><column encrypt="false" function="dimension" hide="false" label="Day Type" name="day_type" type="string"/><column encrypt="false" function="dimension" hide="false" label="Workday Seq" name="workday_seq" type="string"/><column encrypt="false" function="dimension" hide="false" label="Holiday Name" name="holiday_name" type="string"/></table></tables><joins><join name="7c205a7a-5ef2-550c-8ffe-3232e0791966"><cond child="A_03_NET_WORKING_DAYS.case_working_days.Open_Date" op="=" parent="A_03_NET_WORKING_DAYS.open_date.Date"/></join><join name="bbe47929-8394-59be-4d79-62d9382010e2"><cond child="A_03_NET_WORKING_DAYS.case_working_days.Close_Date" op="=" parent="A_03_NET_WORKING_DAYS.close_date.Date"/></join></joins></schema>