<?xml version="1.0" encoding="UTF-8"?><schema description="Testing for Automation Framework" loader="Sales" name="Sales" version="1.0" xml:base="schemas/142_schema.xml"><tables><table alias="false" incremental="false" memory="7198" multiDataSource="false" name="product_line" rows="23" source="Sales" staging="false"><column encrypt="false" function="key" hide="false" label="Prodcut Line Id" name="PROD_LINE_ID" type="integer"/><column encrypt="false" function="dimension" hide="false" label="Category Id" name="CATEGORY_ID" type="integer"/><column encrypt="false" function="dimension" hide="false" label="Category Description" name="CATEGORY" type="string"/><column encrypt="false" function="dimension" hide="false" label="Subcategory id" name="SUBCATEGORY_ID" type="integer"/><column encrypt="false" function="dimension" hide="false" label="Subcategory Desc" name="SUBCATEGORY" type="string"/></table><table alias="false" incremental="false" memory="44504" multiDataSource="false" name="products" rows="71" source="Sales" staging="false"><column encrypt="false" function="key" hide="false" label="Product Id" name="PROD_ID" type="integer"/><column encrypt="false" function="dimension" hide="false" label="Product Name" name="PROD_NAME" type="string"/><column encrypt="false" function="dimension" hide="false" label="Product Description" name="PROD_DESC" type="string"/><column encrypt="false" function="dimension" hide="false" label="Prod Subcategory" name="PROD_SUBCATEGORY" type="string"/><column encrypt="false" function="dimension" hide="false" label="Subcategory id" name="PROD_SUBCATEGORY_ID" type="integer"/><column encrypt="false" function="dimension" hide="false" label="Subcategory Desc" name="PROD_SUBCATEGORY_DESC" type="string"/><column encrypt="false" function="dimension" hide="false" label="Category" name="PROD_CATEGORY" type="string"/><column encrypt="false" function="dimension" hide="false" label="Category Id" name="PROD_CATEGORY_ID" type="integer"/><column encrypt="false" function="dimension" hide="false" label="Category Description" name="PROD_CATEGORY_DESC" type="string"/><column encrypt="false" function="measure" hide="false" label="Weight Class" name="PROD_WEIGHT_CLASS" type="integer"/><column encrypt="false" function="dimension" hide="false" label="Unit of Measure" name="PROD_UNIT_OF_MEASURE" type="string"/><column encrypt="false" function="dimension" hide="false" label="Package Size" name="PROD_PACK_SIZE" type="string"/><column encrypt="false" function="dimension" hide="false" label="Supplier Id" name="SUPPLIER_ID" type="integer"/><column encrypt="false" function="dimension" hide="false" label="Product Status" name="PROD_STATUS" type="string"/><column encrypt="false" function="measure" hide="false" label="List Price" name="PROD_LIST_PRICE" type="double"/><column encrypt="false" function="measure" hide="false" label="Minimum Price" name="PROD_MIN_PRICE" type="double"/><column encrypt="false" function="dimension" hide="false" label="Total" name="PROD_TOTAL" type="string"/><column encrypt="false" function="dimension" hide="false" label="Prod Total Id" name="PROD_TOTAL_ID" type="integer"/><column encrypt="false" function="dimension" hide="false" label="Prod Src Id" name="PROD_SRC_ID" type="string"/><column encrypt="false" function="dimension" hide="false" label="Prod Eff From" name="PROD_EFF_FROM" type="date"/><column encrypt="false" function="dimension" hide="false" label="Product Valid" name="PROD_VALID" type="string"/><column encrypt="false" function="measure" hide="false" label="Product Cost" name="PROD_COST" type="double"/><column encrypt="false" function="dimension" hide="false" label="Prod Eff To" name="PROD_EFF_TO" type="date"/><column encrypt="false" function="dimension" hide="false" label="Prodcut Line Id" name="PROD_LINE_ID" type="integer"/></table><table alias="false" incremental="false" memory="8105646" multiDataSource="false" name="customers" rows="55500" source="Sales" staging="false"><column encrypt="false" function="key" hide="false" label="Customer Id" name="CUST_ID" type="integer"/><column encrypt="false" function="dimension" hide="false" label="Customer First Name" name="CUST_FIRST_NAME" type="string"/><column encrypt="false" function="dimension" hide="false" label="Customer Last Name" name="CUST_LAST_NAME" type="string"/><column encrypt="false" function="dimension" hide="false" label="Customer Gender" name="CUST_GENDER" type="string"/><column encrypt="false" function="dimension" hide="false" label="Customer Year of Birth" name="CUST_YEAR_OF_BIRTH" type="integer"/><column encrypt="false" function="dimension" hide="false" label="Customer Married" name="CUST_MARITAL_STATUS" type="string"/><column encrypt="false" function="dimension" hide="false" label="Address" name="CUST_STREET_ADDRESS" type="string"/><column encrypt="false" function="dimension" hide="false" label="ZIP Code" name="CUST_POSTAL_CODE" type="integer"/><column encrypt="false" function="dimension" hide="false" label="City" name="CUST_CITY" type="string"/><column encrypt="false" function="dimension" hide="false" label="Cust City Id" name="CUST_CITY_ID" type="integer"/><column encrypt="false" function="dimension" hide="false" label="State/Province" name="CUST_STATE_PROVINCE" type="string"/><column encrypt="false" function="dimension" hide="false" label="State Id" name="CUST_STATE_PROVINCE_ID" type="integer"/><column encrypt="false" function="dimension" hide="false" label="Country Id" name="COUNTRY_ID" type="integer"/><column encrypt="false" function="dimension" hide="false" label="Phone Number" name="CUST_MAIN_PHONE_NUMBER" type="string"/><column encrypt="false" function="dimension" hide="false" label="Cust Income Level Dim" name="CUST_INCOME_LEVEL_DIM" type="integer"/><column encrypt="false" function="measure" hide="false" label="Customer Credit" name="CUST_CREDIT_LIMIT" type="integer"/><column encrypt="false" function="dimension" hide="false" label="Email" name="CUST_EMAIL" type="string"/><column encrypt="false" function="measure" hide="false" label="Customer Total" name="CUST_TOTAL" type="integer"/><column encrypt="false" function="dimension" hide="false" label="Customer Total Id" name="CUST_TOTAL_ID" type="integer"/><column encrypt="false" function="dimension" hide="false" label="Customer Source Id" name="CUST_SRC_ID" type="string"/><column encrypt="false" function="dimension" hide="false" label="Cust Eff From" name="CUST_EFF_FROM" type="date"/><column encrypt="false" function="dimension" hide="false" label="Cust Eff To" name="CUST_EFF_TO" type="date"/><column encrypt="false" function="dimension" hide="false" label="Customer Valid" name="CUST_VALID" type="string"/><column encrypt="false" function="dimension" hide="false" label="County" name="COUNTY" type="string"/></table><table alias="false" incremental="false" memory="166591330" multiDataSource="false" name="sales" rows="11026116" source="Sales" staging="false"><column encrypt="false" function="measure" hide="false" label="Units" name="QUANTITY_SOLD" type="integer"/><column encrypt="false" function="measure" hide="false" label="Revenue" name="AMOUNT_SOLD" type="integer"/><column encrypt="false" function="dimension" hide="false" label="Months" name="CALENDAR_MONTH_NUMBER" type="integer"/><column encrypt="false" function="dimension" hide="false" label="Quarter" name="CALENDAR_QUARTER_NUMBER" type="integer"/><column encrypt="false" function="dimension" hide="false" label="Year" name="CALENDAR_YEAR" type="integer"/><column encrypt="false" function="measure" hide="false" label="Cost" name="COST_OF_GOODS" type="double"/><column encrypt="false" function="dimension" hide="false" label="Product Id" name="PROD_ID" type="integer"/><column encrypt="false" function="dimension" hide="false" label="Customer Id" name="CUSTOMER_ID" type="integer"/><column encrypt="false" function="dimension" hide="false" label="Time Id" name="TIME_ID" type="date"/><column encrypt="false" function="dimension" hide="false" label="Zipcode" name="ZIPCODE" type="string"/></table></tables><joins><join name="daae9294-a9ce-5a32-7eb9-779e6839fee6"><cond child="Sales.products.PROD_LINE_ID" op="=" parent="Sales.product_line.PROD_LINE_ID"/></join><join name="9e5f090f-5535-afcb-3f69-4110cb8c0545"><cond child="Sales.sales.PROD_ID" op="=" parent="Sales.products.PROD_ID"/></join><join name="a0fc19a6-a74f-e657-4ec6-9b958985ff42"><cond child="Sales.sales.CUSTOMER_ID" op="=" parent="Sales.customers.CUST_ID"/></join></joins></schema>