<?xml version="1.0" encoding="UTF-8"?><report name="A_07_EMP_SALARY Dashboard" version="" schema=""><layout><table id="fad90933-0107-3765-2a46-09cc2738c9f1" maxRows="" autoRefresh="true" transpose="false" headers="true" fixedColumns="" aggregation="false" total="false" subtotal="false"><properties><property name="caption" value=""/><property name="numberOfElementsInRow" value="1"/><property name="height" value="450"/><property name="automaticHeight" value="0"/><property name="xAxis" value="true"/><property name="yAxis" value="true"/><property name="xAxisTitle" value="true"/><property name="yAxisTitle" value="true"/></properties><filter><cond label='Emp Id' dataType='integer' function='dimension' op='LAST_VERSION' field='A_07_EMP_SALARY.EMP_SALARY.emp_id' field2='A_07_EMP_SALARY.EMP_SALARY.as_of_date' label2='As Of Date'/></filter><binding><measure field="A_07_EMP_SALARY.EMP_SALARY.emp_id" label="Emp Id" aggregation="sum" runningTotal="false" function= "dimension"  datatype= "integer" ><format numberFormat = "1" seriesType = "line" ></format><properties><property name="format" value="###,###"/></properties></measure><measure field="A_07_EMP_SALARY.EMP_SALARY.name" label="Name" aggregation="count" runningTotal="false" function= "dimension"  datatype= "string" ><format numberFormat = "6" seriesType = "line" ></format><properties><property name="format" value="0.##"/></properties></measure><measure field="A_07_EMP_SALARY.EMP_SALARY.department" label="Department" aggregation="count" runningTotal="false" function= "dimension"  datatype= "string" ><format numberFormat = "6" seriesType = "line" ></format><properties><property name="format" value="0.##"/></properties></measure><measure field="A_07_EMP_SALARY.EMP_SALARY.as_of_date" label="As Of Date" aggregation="count" runningTotal="false" function= "dimension"  datatype= "string" ><format numberFormat = "6" seriesType = "line" ></format><properties><property name="format" value="0.##"/></properties></measure><measure field="A_07_EMP_SALARY.EMP_SALARY.salary" label="Salary" aggregation="sum" runningTotal="false" function= "measure"  datatype= "integer" ><format numberFormat = "1" seriesType = "line" ></format><properties><property name="format" value="###,###"/></properties></measure></binding><format coloringScheme="0" showLegend="1"/></table></layout></report>