<?xml version="1.0" encoding="UTF-8"?><tenant enabld="true" exportTime="Wed Sep 14 18:01:37 PDT 2016" load-mode="start" name="demo" partial="true" path="/Users/ilyasreyhanoglu/IncortaAnalytics/tenants/Demo" version="1.0"><description><![CDATA[sample tenant]]></description><configurations/><security><roles/><groups/><users/></security><data-package><data-files/><data-sources/><schemas/><session-variables/></data-package><catalog><folder id="104" name="Interns" owner-id="103" parent="101"><folder id="105" name="Dashboard Applied Filters" owner-id="103" parent="104"><folder id="111" name="Pivot" owner-id="103" parent="105"><folder id="114" name="Int" owner-id="103" parent="111"><dashboard guid="62abc05d-fafc-4dcf-a728-5fdb537264a1" id="171" name="(Pivot)Int !=" owner-id="103" parent="114"><data xmlns:xi="http://www.w3.org/2001/XInclude"><xi:include href="dashboards/171_dashboard.xml" parse="xml"/></data></dashboard></folder></folder></folder></folder></catalog></tenant>