<?xml version="1.0" encoding="UTF-8"?><report name="(Pivot)String Not Null" version="" schema=""><prompts> <dimPrompt field="SALES_MySQL4.customers.CUST_STATE_PROVINCE" label="State/Province" dataType="string" function="dimension" op="IS_NOT_NULL" default="true" mandatory="true"></dimPrompt></prompts><defaultTables> <defaultTable schema="SALES_MySQL4" table="countries"/> <defaultTable schema="SALES_MySQL4" table="customers"/> <defaultTable schema="SALES_MySQL4" table="product_line"/> <defaultTable schema="SALES_MySQL4" table="products"/> <defaultTable schema="SALES_MySQL4" table="sales"/> <defaultTable schema="SALES_MySQL4" table="Time_Id_Small_Sample"/></defaultTables><layout><pivot id="31e8b33c-81fe-d3d3-bc49-c525f846157d" maxRows="0" autoRefresh="true"><properties><property name="caption" value=""/><property name="numberOfElementsInRow" value="1"/><property name="height" value="450"/><property name="automaticHeight" value="0"/><property name="xAxis" value="true"/><property name="yAxis" value="true"/><property name="xAxisTitle" value="true"/><property name="yAxisTitle" value="true"/><property name="row_total" value="false"/><property name="col_total" value="false"/><property name="col_total_only" value="false"/><property name="row_total_pos" value="0"/><property name="col_total_pos" value="0"/></properties><filter><cond label='State&#x2F;Province' dataType='string' function='dimension' op='!=' field='SALES_MySQL4.customers.CUST_STATE_PROVINCE'><value>AZ</value></cond></filter><binding><column field="SALES_MySQL4.sales.CALENDAR_QUARTER_NUMBER" label="Quarter" function= "dimension" ></column><row field="SALES_MySQL4.customers.CUST_STATE_PROVINCE" label="State/Province" datatype= "string"  function= "dimension" ><format type="0"></format></row><measure field="SALES_MySQL4.sales.QUANTITY_SOLD" label="Units" aggregation="sum" runningTotal="false" function= "measure"  datatype= "integer" ><format numberFormat = "1" seriesType = "line" ></format><properties><property name="format" value="###,###"/></properties></measure></binding><format coloringScheme="0" showLegend="1"/></pivot></layout></report>