<?xml version="1.0" encoding="UTF-8"?><tenant enabld="true" exportTime="Thu Sep 01 23:09:05 PDT 2016" load-mode="start" name="demo" partial="true" path="/incorta_v21/tenants/demo" version="1.0"><description/><configurations/><security><roles/><groups/><users/></security><data-package><data-files/><data-sources/><schemas/><session-variables/></data-package><catalog><folder id="900" name="Interns" owner-id="3110" parent="340"><folder id="960" name="Dashboard Runtime Filters" owner-id="3110" parent="900"><folder id="961" name="Aggregated" owner-id="3110" parent="960"><folder id="964" name="Date" owner-id="3110" parent="961"><dashboard guid="5716ce65-3bd3-440e-8ca1-016ebb4909cb" id="3380" name="(Aggregated)Date &gt;=" owner-id="3110" parent="964"><data xmlns:xi="http://www.w3.org/2001/XInclude"><xi:include href="dashboards/3380_dashboard.xml" parse="xml"/></data><bookmark dashboard-id="3380" is-default="false" name="String =" owner-id="3110" owner-login-name="super@incorta.com"><filters><![CDATA[<prompts><dimPrompt field='SALES_MySQL4.customers.COUNTY' label='County' dataType='string' op='='><defaultValue value='Ada County'></defaultValue></dimPrompt></prompts>]]></filters></bookmark></dashboard></folder></folder></folder></folder></catalog></tenant>