<?xml version="1.0" encoding="UTF-8"?><tenant enabld="true" exportTime="Thu Sep 15 07:56:40 PDT 2016" load-mode="start" name="demo" partial="true" path="/Users/ilyasreyhanoglu/IncortaAnalytics/tenants/Demo" version="1.0"><description><![CDATA[sample tenant]]></description><configurations/><security><roles/><groups/><users/></security><data-package><data-files/><data-sources/><schemas/><session-variables/></data-package><catalog><folder id="164" name="Interns" owner-id="103" parent="101"><folder id="197" name="Dashboard Runtime Filters" owner-id="103" parent="164"><folder id="208" name="Simple" owner-id="103" parent="197"><folder id="211" name="Int" owner-id="103" parent="208"><dashboard guid="1e7dbd7d-93f2-4b60-bfc5-99eccea633c5" id="991" name="DRF(Simple)Int &lt;=" owner-id="103" parent="211"><data xmlns:xi="http://www.w3.org/2001/XInclude"><xi:include href="dashboards/991_dashboard.xml" parse="xml"/></data></dashboard></folder></folder></folder></folder></catalog></tenant>