<?xml version="1.0" encoding="UTF-8"?><tenant enabld="true" exportTime="Thu Sep 15 07:56:51 PDT 2016" load-mode="start" name="demo" partial="true" path="/Users/ilyasreyhanoglu/IncortaAnalytics/tenants/Demo" version="1.0"><description><![CDATA[sample tenant]]></description><configurations/><security><roles/><groups/><users/></security><data-package><data-files/><data-sources/><schemas/><session-variables/></data-package><catalog><folder id="164" name="Interns" owner-id="103" parent="101"><folder id="181" name="Dashboard Applied Filters" owner-id="103" parent="164"><folder id="182" name="Aggregated" owner-id="103" parent="181"><folder id="185" name="Int" owner-id="103" parent="182"><dashboard guid="ee2eb6b1-29ae-4997-910b-1ff2eaeb835d" id="767" name="DAF(Aggregated)Int In" owner-id="103" parent="185"><data xmlns:xi="http://www.w3.org/2001/XInclude"><xi:include href="dashboards/767_dashboard.xml" parse="xml"/></data></dashboard></folder></folder></folder></folder></catalog></tenant>